PHPUnit Started (PHPUnit 12.5.33 using PHP 8.3.30 (cli) on WINNT)
Test Runner Triggered Warning (Option --configuration cannot be used more than once)
Test Runner Configured
Bootstrap Finished (C:\Users\eonsweb\Desktop\projects\amplegraceacademy\vendor/autoload.php)
Event Facade Sealed
Data Provider Method Called (P\Tests\Feature\AcademicSetupManagementTest::__pest_evaluable_invalid_academic_year_formats_are_rejected_dataset for test method P\Tests\Feature\AcademicSetupManagementTest::__pest_evaluable_invalid_academic_year_formats_are_rejected)
Data Provider Method Finished for P\Tests\Feature\AcademicSetupManagementTest::__pest_evaluable_invalid_academic_year_formats_are_rejected:
- P\Tests\Feature\AcademicSetupManagementTest::__pest_evaluable_invalid_academic_year_formats_are_rejected_dataset
Data Provider Method Called (P\Tests\Feature\AcademicSetupNavigationTest::__pest_evaluable_the_academic_entry_route_selects_the_first_page_the_user_may_view_dataset for test method P\Tests\Feature\AcademicSetupNavigationTest::__pest_evaluable_the_academic_entry_route_selects_the_first_page_the_user_may_view)
Data Provider Method Finished for P\Tests\Feature\AcademicSetupNavigationTest::__pest_evaluable_the_academic_entry_route_selects_the_first_page_the_user_may_view:
- P\Tests\Feature\AcademicSetupNavigationTest::__pest_evaluable_the_academic_entry_route_selects_the_first_page_the_user_may_view_dataset
Data Provider Method Called (P\Tests\Feature\AcademicSetupNavigationTest::__pest_evaluable_each_academic_page_renders_the_shared_navigation_and_selected_content_dataset for test method P\Tests\Feature\AcademicSetupNavigationTest::__pest_evaluable_each_academic_page_renders_the_shared_navigation_and_selected_content)
Data Provider Method Finished for P\Tests\Feature\AcademicSetupNavigationTest::__pest_evaluable_each_academic_page_renders_the_shared_navigation_and_selected_content:
- P\Tests\Feature\AcademicSetupNavigationTest::__pest_evaluable_each_academic_page_renders_the_shared_navigation_and_selected_content_dataset
Data Provider Method Called (P\Tests\Feature\AcademicSetupNavigationTest::__pest_evaluable_academic_pages_enforce_their_domain_view_permission_dataset for test method P\Tests\Feature\AcademicSetupNavigationTest::__pest_evaluable_academic_pages_enforce_their_domain_view_permission)
Data Provider Method Finished for P\Tests\Feature\AcademicSetupNavigationTest::__pest_evaluable_academic_pages_enforce_their_domain_view_permission:
- P\Tests\Feature\AcademicSetupNavigationTest::__pest_evaluable_academic_pages_enforce_their_domain_view_permission_dataset
Data Provider Method Called (P\Tests\Feature\AssessmentManagementTest::__pest_evaluable_assessment_form_rejects_invalid_academic_combinations_and_maximum_scores_dataset for test method P\Tests\Feature\AssessmentManagementTest::__pest_evaluable_assessment_form_rejects_invalid_academic_combinations_and_maximum_scores)
Data Provider Method Finished for P\Tests\Feature\AssessmentManagementTest::__pest_evaluable_assessment_form_rejects_invalid_academic_combinations_and_maximum_scores:
- P\Tests\Feature\AssessmentManagementTest::__pest_evaluable_assessment_form_rejects_invalid_academic_combinations_and_maximum_scores_dataset
Data Provider Method Called (P\Tests\Feature\AssessmentResultsTest::__pest_evaluable_server_rejects_invalid_scores_and_enrollment_injection_dataset for test method P\Tests\Feature\AssessmentResultsTest::__pest_evaluable_server_rejects_invalid_scores_and_enrollment_injection)
Data Provider Method Finished for P\Tests\Feature\AssessmentResultsTest::__pest_evaluable_server_rejects_invalid_scores_and_enrollment_injection:
- P\Tests\Feature\AssessmentResultsTest::__pest_evaluable_server_rejects_invalid_scores_and_enrollment_injection_dataset
Data Provider Method Called (P\Tests\Feature\AttendanceManagementTest::__pest_evaluable_attendance_policy_maps_recording_and_editing_to_separate_capabilities_dataset for test method P\Tests\Feature\AttendanceManagementTest::__pest_evaluable_attendance_policy_maps_recording_and_editing_to_separate_capabilities)
Data Provider Method Finished for P\Tests\Feature\AttendanceManagementTest::__pest_evaluable_attendance_policy_maps_recording_and_editing_to_separate_capabilities:
- P\Tests\Feature\AttendanceManagementTest::__pest_evaluable_attendance_policy_maps_recording_and_editing_to_separate_capabilities_dataset
Data Provider Method Called (P\Tests\Feature\AttendanceManagementTest::__pest_evaluable_server_rejects_invalid_attendance_data_without_persisting_it_dataset for test method P\Tests\Feature\AttendanceManagementTest::__pest_evaluable_server_rejects_invalid_attendance_data_without_persisting_it)
Data Provider Method Finished for P\Tests\Feature\AttendanceManagementTest::__pest_evaluable_server_rejects_invalid_attendance_data_without_persisting_it:
- P\Tests\Feature\AttendanceManagementTest::__pest_evaluable_server_rejects_invalid_attendance_data_without_persisting_it_dataset
Data Provider Method Called (P\Tests\Feature\AttendanceManagementTest::__pest_evaluable_each_history_filter_independently_excludes_nonmatching_attendance_dataset for test method P\Tests\Feature\AttendanceManagementTest::__pest_evaluable_each_history_filter_independently_excludes_nonmatching_attendance)
Data Provider Method Finished for P\Tests\Feature\AttendanceManagementTest::__pest_evaluable_each_history_filter_independently_excludes_nonmatching_attendance:
- P\Tests\Feature\AttendanceManagementTest::__pest_evaluable_each_history_filter_independently_excludes_nonmatching_attendance_dataset
Data Provider Method Called (P\Tests\Feature\ExpensePagesTest::__pest_evaluable_expense_and_finance_pages_require_authentication_and_their_own_permission_dataset for test method P\Tests\Feature\ExpensePagesTest::__pest_evaluable_expense_and_finance_pages_require_authentication_and_their_own_permission)
Data Provider Method Finished for P\Tests\Feature\ExpensePagesTest::__pest_evaluable_expense_and_finance_pages_require_authentication_and_their_own_permission:
- P\Tests\Feature\ExpensePagesTest::__pest_evaluable_expense_and_finance_pages_require_authentication_and_their_own_permission_dataset
Data Provider Method Called (P\Tests\Feature\ExpensePagesTest::__pest_evaluable_finance_period_errors_appear_immediately_and_clear_after_correction_dataset for test method P\Tests\Feature\ExpensePagesTest::__pest_evaluable_finance_period_errors_appear_immediately_and_clear_after_correction)
Data Provider Method Finished for P\Tests\Feature\ExpensePagesTest::__pest_evaluable_finance_period_errors_appear_immediately_and_clear_after_correction:
- P\Tests\Feature\ExpensePagesTest::__pest_evaluable_finance_period_errors_appear_immediately_and_clear_after_correction_dataset
Data Provider Method Called (P\Tests\Feature\ExpensePagesTest::__pest_evaluable_invalid_expense_filters_show_errors_and_cannot_produce_misleading_history_or_totals_dataset for test method P\Tests\Feature\ExpensePagesTest::__pest_evaluable_invalid_expense_filters_show_errors_and_cannot_produce_misleading_history_or_totals)
Data Provider Method Finished for P\Tests\Feature\ExpensePagesTest::__pest_evaluable_invalid_expense_filters_show_errors_and_cannot_produce_misleading_history_or_totals:
- P\Tests\Feature\ExpensePagesTest::__pest_evaluable_invalid_expense_filters_show_errors_and_cannot_produce_misleading_history_or_totals_dataset
Data Provider Method Called (P\Tests\Feature\ExpensePagesTest::__pest_evaluable_finance_screen_queries_remain_bounded_as_records_grow_dataset for test method P\Tests\Feature\ExpensePagesTest::__pest_evaluable_finance_screen_queries_remain_bounded_as_records_grow)
Data Provider Method Finished for P\Tests\Feature\ExpensePagesTest::__pest_evaluable_finance_screen_queries_remain_bounded_as_records_grow:
- P\Tests\Feature\ExpensePagesTest::__pest_evaluable_finance_screen_queries_remain_bounded_as_records_grow_dataset
Data Provider Method Called (P\Tests\Feature\ExpensesAndFinanceTest::__pest_evaluable_expense_input_rejects_invalid_financial_values_without_saving_dataset for test method P\Tests\Feature\ExpensesAndFinanceTest::__pest_evaluable_expense_input_rejects_invalid_financial_values_without_saving)
Data Provider Method Finished for P\Tests\Feature\ExpensesAndFinanceTest::__pest_evaluable_expense_input_rejects_invalid_financial_values_without_saving:
- P\Tests\Feature\ExpensesAndFinanceTest::__pest_evaluable_expense_input_rejects_invalid_financial_values_without_saving_dataset
Data Provider Method Called (P\Tests\Feature\ExpensesAndFinanceTest::__pest_evaluable_expense_policies_enforce_separate_capabilities_and_lifecycle_rules_dataset for test method P\Tests\Feature\ExpensesAndFinanceTest::__pest_evaluable_expense_policies_enforce_separate_capabilities_and_lifecycle_rules)
Data Provider Method Finished for P\Tests\Feature\ExpensesAndFinanceTest::__pest_evaluable_expense_policies_enforce_separate_capabilities_and_lifecycle_rules:
- P\Tests\Feature\ExpensesAndFinanceTest::__pest_evaluable_expense_policies_enforce_separate_capabilities_and_lifecycle_rules_dataset
Data Provider Method Called (P\Tests\Feature\FeePagesTest::__pest_evaluable_financial_routes_require_authentication_and_specific_permissions_dataset for test method P\Tests\Feature\FeePagesTest::__pest_evaluable_financial_routes_require_authentication_and_specific_permissions)
Data Provider Method Finished for P\Tests\Feature\FeePagesTest::__pest_evaluable_financial_routes_require_authentication_and_specific_permissions:
- P\Tests\Feature\FeePagesTest::__pest_evaluable_financial_routes_require_authentication_and_specific_permissions_dataset
Data Provider Method Called (P\Tests\Feature\FeePagesTest::__pest_evaluable_financial_read_pages_do_not_amplify_queries_as_rows_grow_dataset for test method P\Tests\Feature\FeePagesTest::__pest_evaluable_financial_read_pages_do_not_amplify_queries_as_rows_grow)
Data Provider Method Finished for P\Tests\Feature\FeePagesTest::__pest_evaluable_financial_read_pages_do_not_amplify_queries_as_rows_grow:
- P\Tests\Feature\FeePagesTest::__pest_evaluable_financial_read_pages_do_not_amplify_queries_as_rows_grow_dataset
Data Provider Method Called (P\Tests\Feature\FeesAndPaymentsTest::__pest_evaluable_fee_structures_reject_invalid_monetary_amounts_dataset for test method P\Tests\Feature\FeesAndPaymentsTest::__pest_evaluable_fee_structures_reject_invalid_monetary_amounts)
Data Provider Method Finished for P\Tests\Feature\FeesAndPaymentsTest::__pest_evaluable_fee_structures_reject_invalid_monetary_amounts:
- P\Tests\Feature\FeesAndPaymentsTest::__pest_evaluable_fee_structures_reject_invalid_monetary_amounts_dataset
Data Provider Method Called (P\Tests\Feature\FeesAndPaymentsTest::__pest_evaluable_payments_support_full_partial_and_multiple_settlements_dataset for test method P\Tests\Feature\FeesAndPaymentsTest::__pest_evaluable_payments_support_full_partial_and_multiple_settlements)
Data Provider Method Finished for P\Tests\Feature\FeesAndPaymentsTest::__pest_evaluable_payments_support_full_partial_and_multiple_settlements:
- P\Tests\Feature\FeesAndPaymentsTest::__pest_evaluable_payments_support_full_partial_and_multiple_settlements_dataset
Data Provider Method Called (P\Tests\Feature\FeesAndPaymentsTest::__pest_evaluable_invalid_payments_leave_no_financial_records_dataset for test method P\Tests\Feature\FeesAndPaymentsTest::__pest_evaluable_invalid_payments_leave_no_financial_records)
Data Provider Method Finished for P\Tests\Feature\FeesAndPaymentsTest::__pest_evaluable_invalid_payments_leave_no_financial_records:
- P\Tests\Feature\FeesAndPaymentsTest::__pest_evaluable_invalid_payments_leave_no_financial_records_dataset
Data Provider Method Called (P\Tests\Feature\FeesAndPaymentsTest::__pest_evaluable_invoice_generation_query_count_stays_bounded_for_a_class_dataset for test method P\Tests\Feature\FeesAndPaymentsTest::__pest_evaluable_invoice_generation_query_count_stays_bounded_for_a_class)
Data Provider Method Finished for P\Tests\Feature\FeesAndPaymentsTest::__pest_evaluable_invoice_generation_query_count_stays_bounded_for_a_class:
- P\Tests\Feature\FeesAndPaymentsTest::__pest_evaluable_invoice_generation_query_count_stays_bounded_for_a_class_dataset
Data Provider Method Called (P\Tests\Feature\ReportsTest::__pest_evaluable_all_report_screens_render_with_useful_empty_or_required_filter_states_dataset for test method P\Tests\Feature\ReportsTest::__pest_evaluable_all_report_screens_render_with_useful_empty_or_required_filter_states)
Data Provider Method Finished for P\Tests\Feature\ReportsTest::__pest_evaluable_all_report_screens_render_with_useful_empty_or_required_filter_states:
- P\Tests\Feature\ReportsTest::__pest_evaluable_all_report_screens_render_with_useful_empty_or_required_filter_states_dataset
Data Provider Method Called (P\Tests\Feature\ReportsTest::__pest_evaluable_invalid_report_filters_fail_before_SQL_and_never_render_misleading_results_dataset for test method P\Tests\Feature\ReportsTest::__pest_evaluable_invalid_report_filters_fail_before_SQL_and_never_render_misleading_results)
Data Provider Method Finished for P\Tests\Feature\ReportsTest::__pest_evaluable_invalid_report_filters_fail_before_SQL_and_never_render_misleading_results:
- P\Tests\Feature\ReportsTest::__pest_evaluable_invalid_report_filters_fail_before_SQL_and_never_render_misleading_results_dataset
Data Provider Method Called (P\Tests\Feature\ReportsTest::__pest_evaluable_every_report_exports_valid_CSV_and_print_through_its_shared_query_pipeline_dataset for test method P\Tests\Feature\ReportsTest::__pest_evaluable_every_report_exports_valid_CSV_and_print_through_its_shared_query_pipeline)
Data Provider Method Finished for P\Tests\Feature\ReportsTest::__pest_evaluable_every_report_exports_valid_CSV_and_print_through_its_shared_query_pipeline:
- P\Tests\Feature\ReportsTest::__pest_evaluable_every_report_exports_valid_CSV_and_print_through_its_shared_query_pipeline_dataset
Data Provider Method Called (P\Tests\Feature\StaffManagementTest::__pest_evaluable_staff_creation_rejects_invalid_values_dataset for test method P\Tests\Feature\StaffManagementTest::__pest_evaluable_staff_creation_rejects_invalid_values)
Data Provider Method Finished for P\Tests\Feature\StaffManagementTest::__pest_evaluable_staff_creation_rejects_invalid_values:
- P\Tests\Feature\StaffManagementTest::__pest_evaluable_staff_creation_rejects_invalid_values_dataset
Data Provider Method Called (P\Tests\Feature\StaffManagementTest::__pest_evaluable_the_staff_directory_searches_by_staff_number_name_phone_email_and_position_dataset for test method P\Tests\Feature\StaffManagementTest::__pest_evaluable_the_staff_directory_searches_by_staff_number_name_phone_email_and_position)
Data Provider Method Finished for P\Tests\Feature\StaffManagementTest::__pest_evaluable_the_staff_directory_searches_by_staff_number_name_phone_email_and_position:
- P\Tests\Feature\StaffManagementTest::__pest_evaluable_the_staff_directory_searches_by_staff_number_name_phone_email_and_position_dataset
Data Provider Method Called (P\Tests\Feature\StudentManagementTest::__pest_evaluable_a_student_is_created_atomically_with_a_generated_admission_number__placement__and_multiple_guardians_dataset for test method P\Tests\Feature\StudentManagementTest::__pest_evaluable_a_student_is_created_atomically_with_a_generated_admission_number__placement__and_multiple_guardians)
Data Provider Method Finished for P\Tests\Feature\StudentManagementTest::__pest_evaluable_a_student_is_created_atomically_with_a_generated_admission_number__placement__and_multiple_guardians:
- P\Tests\Feature\StudentManagementTest::__pest_evaluable_a_student_is_created_atomically_with_a_generated_admission_number__placement__and_multiple_guardians_dataset
Data Provider Method Called (P\Tests\Feature\StudentManagementTest::__pest_evaluable_age_is_calculated_in_completed_years_and_is_never_stored_dataset for test method P\Tests\Feature\StudentManagementTest::__pest_evaluable_age_is_calculated_in_completed_years_and_is_never_stored)
Data Provider Method Finished for P\Tests\Feature\StudentManagementTest::__pest_evaluable_age_is_calculated_in_completed_years_and_is_never_stored:
- P\Tests\Feature\StudentManagementTest::__pest_evaluable_age_is_calculated_in_completed_years_and_is_never_stored_dataset
Data Provider Method Called (P\Tests\Feature\ThemePreferenceTest::__pest_evaluable_an_authenticated_user_can_persist_a_supported_theme_preference_dataset for test method P\Tests\Feature\ThemePreferenceTest::__pest_evaluable_an_authenticated_user_can_persist_a_supported_theme_preference)
Data Provider Method Finished for P\Tests\Feature\ThemePreferenceTest::__pest_evaluable_an_authenticated_user_can_persist_a_supported_theme_preference:
- P\Tests\Feature\ThemePreferenceTest::__pest_evaluable_an_authenticated_user_can_persist_a_supported_theme_preference_dataset
Data Provider Method Called (P\Tests\Feature\UserManagementTest::__pest_evaluable_management_roles_can_access_the_users_page_dataset for test method P\Tests\Feature\UserManagementTest::__pest_evaluable_management_roles_can_access_the_users_page)
Data Provider Method Finished for P\Tests\Feature\UserManagementTest::__pest_evaluable_management_roles_can_access_the_users_page:
- P\Tests\Feature\UserManagementTest::__pest_evaluable_management_roles_can_access_the_users_page_dataset
Test Suite Loaded (458 tests)
Test Runner Started
Test Suite Sorted
Test Runner Execution Started (458 tests)
Test Suite Started (C:\Users\eonsweb\Desktop\projects\amplegraceacademy\storage\reports-phpunit.xml, 458 tests)
Test Suite Started (Unit, 1 test)
Test Suite Started (P\Tests\Unit\ExampleTest, 1 test)
Before First Test Method Called (P\Tests\Unit\ExampleTest::setUpBeforeClass)
Before First Test Method Finished:
- P\Tests\Unit\ExampleTest::setUpBeforeClass
Test Preparation Started (P\Tests\Unit\ExampleTest::__pest_evaluable_that_true_is_true)
Before Test Method Called (P\Tests\Unit\ExampleTest::setUp)
Before Test Method Finished:
- P\Tests\Unit\ExampleTest::setUp
Test Prepared (P\Tests\Unit\ExampleTest::__pest_evaluable_that_true_is_true)
Post Condition Method Called (P\Tests\Unit\ExampleTest::__MarkTestIncompleteIfSnapshotHaveChanged)
Post Condition Method Finished:
- P\Tests\Unit\ExampleTest::__MarkTestIncompleteIfSnapshotHaveChanged
After Test Method Called (P\Tests\Unit\ExampleTest::tearDown)
After Test Method Finished:
- P\Tests\Unit\ExampleTest::tearDown
Test Passed (P\Tests\Unit\ExampleTest::__pest_evaluable_that_true_is_true)
Test Finished (P\Tests\Unit\ExampleTest::__pest_evaluable_that_true_is_true)
After Last Test Method Called (P\Tests\Unit\ExampleTest::tearDownAfterClass)
After Last Test Method Finished:
- P\Tests\Unit\ExampleTest::tearDownAfterClass
Test Suite Finished (P\Tests\Unit\ExampleTest, 1 test)
Test Suite Finished (Unit, 1 test)
Test Suite Started (Feature, 457 tests)
Test Suite Started (P\Tests\Feature\AcademicSetupManagementTest, 19 tests)
Before First Test Method Called (P\Tests\Feature\AcademicSetupManagementTest::setUpBeforeClass)
Before First Test Method Finished:
- P\Tests\Feature\AcademicSetupManagementTest::setUpBeforeClass
Test Preparation Started (P\Tests\Feature\AcademicSetupManagementTest::__pest_evaluable_creating_a_current_academic_year_creates_the_three_standard_terms_and_selects_the_first_term)
Before Test Method Called (P\Tests\Feature\AcademicSetupManagementTest::setUp)
Before Test Method Finished:
- P\Tests\Feature\AcademicSetupManagementTest::setUp
Test Prepared (P\Tests\Feature\AcademicSetupManagementTest::__pest_evaluable_creating_a_current_academic_year_creates_the_three_standard_terms_and_selects_the_first_term)
Post Condition Method Called (P\Tests\Feature\AcademicSetupManagementTest::__MarkTestIncompleteIfSnapshotHaveChanged)
Post Condition Method Finished:
- P\Tests\Feature\AcademicSetupManagementTest::__MarkTestIncompleteIfSnapshotHaveChanged
After Test Method Called (P\Tests\Feature\AcademicSetupManagementTest::tearDown)
After Test Method Finished:
- P\Tests\Feature\AcademicSetupManagementTest::tearDown
Test Passed (P\Tests\Feature\AcademicSetupManagementTest::__pest_evaluable_creating_a_current_academic_year_creates_the_three_standard_terms_and_selects_the_first_term)
Test Finished (P\Tests\Feature\AcademicSetupManagementTest::__pest_evaluable_creating_a_current_academic_year_creates_the_three_standard_terms_and_selects_the_first_term)
Test Suite Started (P\Tests\Feature\AcademicSetupManagementTest::__pest_evaluable_invalid_academic_year_formats_are_rejected, 6 tests)
Test Preparation Started (P\Tests\Feature\AcademicSetupManagementTest::__pest_evaluable_invalid_academic_year_formats_are_rejected#dataset "single year")
Before Test Method Called (P\Tests\Feature\AcademicSetupManagementTest::setUp)
Before Test Method Finished:
- P\Tests\Feature\AcademicSetupManagementTest::setUp
Test Prepared (P\Tests\Feature\AcademicSetupManagementTest::__pest_evaluable_invalid_academic_year_formats_are_rejected#dataset "single year")
Post Condition Method Called (P\Tests\Feature\AcademicSetupManagementTest::__MarkTestIncompleteIfSnapshotHaveChanged)
Post Condition Method Finished:
- P\Tests\Feature\AcademicSetupManagementTest::__MarkTestIncompleteIfSnapshotHaveChanged
After Test Method Called (P\Tests\Feature\AcademicSetupManagementTest::tearDown)
After Test Method Finished:
- P\Tests\Feature\AcademicSetupManagementTest::tearDown
Test Passed (P\Tests\Feature\AcademicSetupManagementTest::__pest_evaluable_invalid_academic_year_formats_are_rejected#dataset "single year")
Test Finished (P\Tests\Feature\AcademicSetupManagementTest::__pest_evaluable_invalid_academic_year_formats_are_rejected#dataset "single year")
Test Preparation Started (P\Tests\Feature\AcademicSetupManagementTest::__pest_evaluable_invalid_academic_year_formats_are_rejected#dataset "hyphen separated")
Before Test Method Called (P\Tests\Feature\AcademicSetupManagementTest::setUp)
Before Test Method Finished:
- P\Tests\Feature\AcademicSetupManagementTest::setUp
Test Prepared (P\Tests\Feature\AcademicSetupManagementTest::__pest_evaluable_invalid_academic_year_formats_are_rejected#dataset "hyphen separated")
Post Condition Method Called (P\Tests\Feature\AcademicSetupManagementTest::__MarkTestIncompleteIfSnapshotHaveChanged)
Post Condition Method Finished:
- P\Tests\Feature\AcademicSetupManagementTest::__MarkTestIncompleteIfSnapshotHaveChanged
After Test Method Called (P\Tests\Feature\AcademicSetupManagementTest::tearDown)
After Test Method Finished:
- P\Tests\Feature\AcademicSetupManagementTest::tearDown
Test Passed (P\Tests\Feature\AcademicSetupManagementTest::__pest_evaluable_invalid_academic_year_formats_are_rejected#dataset "hyphen separated")
Test Finished (P\Tests\Feature\AcademicSetupManagementTest::__pest_evaluable_invalid_academic_year_formats_are_rejected#dataset "hyphen separated")
Test Preparation Started (P\Tests\Feature\AcademicSetupManagementTest::__pest_evaluable_invalid_academic_year_formats_are_rejected#dataset "short second year")
Before Test Method Called (P\Tests\Feature\AcademicSetupManagementTest::setUp)
Before Test Method Finished:
- P\Tests\Feature\AcademicSetupManagementTest::setUp
Test Prepared (P\Tests\Feature\AcademicSetupManagementTest::__pest_evaluable_invalid_academic_year_formats_are_rejected#dataset "short second year")
Post Condition Method Called (P\Tests\Feature\AcademicSetupManagementTest::__MarkTestIncompleteIfSnapshotHaveChanged)
Post Condition Method Finished:
- P\Tests\Feature\AcademicSetupManagementTest::__MarkTestIncompleteIfSnapshotHaveChanged
After Test Method Called (P\Tests\Feature\AcademicSetupManagementTest::tearDown)
After Test Method Finished:
- P\Tests\Feature\AcademicSetupManagementTest::tearDown
Test Passed (P\Tests\Feature\AcademicSetupManagementTest::__pest_evaluable_invalid_academic_year_formats_are_rejected#dataset "short second year")
Test Finished (P\Tests\Feature\AcademicSetupManagementTest::__pest_evaluable_invalid_academic_year_formats_are_rejected#dataset "short second year")
Test Preparation Started (P\Tests\Feature\AcademicSetupManagementTest::__pest_evaluable_invalid_academic_year_formats_are_rejected#dataset "non-consecutive years")
Before Test Method Called (P\Tests\Feature\AcademicSetupManagementTest::setUp)
Before Test Method Finished:
- P\Tests\Feature\AcademicSetupManagementTest::setUp
Test Prepared (P\Tests\Feature\AcademicSetupManagementTest::__pest_evaluable_invalid_academic_year_formats_are_rejected#dataset "non-consecutive years")
Post Condition Method Called (P\Tests\Feature\AcademicSetupManagementTest::__MarkTestIncompleteIfSnapshotHaveChanged)
Post Condition Method Finished:
- P\Tests\Feature\AcademicSetupManagementTest::__MarkTestIncompleteIfSnapshotHaveChanged
After Test Method Called (P\Tests\Feature\AcademicSetupManagementTest::tearDown)
After Test Method Finished:
- P\Tests\Feature\AcademicSetupManagementTest::tearDown
Test Passed (P\Tests\Feature\AcademicSetupManagementTest::__pest_evaluable_invalid_academic_year_formats_are_rejected#dataset "non-consecutive years")
Test Finished (P\Tests\Feature\AcademicSetupManagementTest::__pest_evaluable_invalid_academic_year_formats_are_rejected#dataset "non-consecutive years")
Test Preparation Started (P\Tests\Feature\AcademicSetupManagementTest::__pest_evaluable_invalid_academic_year_formats_are_rejected#dataset "date")
Before Test Method Called (P\Tests\Feature\AcademicSetupManagementTest::setUp)
Before Test Method Finished:
- P\Tests\Feature\AcademicSetupManagementTest::setUp
Test Prepared (P\Tests\Feature\AcademicSetupManagementTest::__pest_evaluable_invalid_academic_year_formats_are_rejected#dataset "date")
Post Condition Method Called (P\Tests\Feature\AcademicSetupManagementTest::__MarkTestIncompleteIfSnapshotHaveChanged)
Post Condition Method Finished:
- P\Tests\Feature\AcademicSetupManagementTest::__MarkTestIncompleteIfSnapshotHaveChanged
After Test Method Called (P\Tests\Feature\AcademicSetupManagementTest::tearDown)
After Test Method Finished:
- P\Tests\Feature\AcademicSetupManagementTest::tearDown
Test Passed (P\Tests\Feature\AcademicSetupManagementTest::__pest_evaluable_invalid_academic_year_formats_are_rejected#dataset "date")
Test Finished (P\Tests\Feature\AcademicSetupManagementTest::__pest_evaluable_invalid_academic_year_formats_are_rejected#dataset "date")
Test Preparation Started (P\Tests\Feature\AcademicSetupManagementTest::__pest_evaluable_invalid_academic_year_formats_are_rejected#dataset "words")
Before Test Method Called (P\Tests\Feature\AcademicSetupManagementTest::setUp)
Before Test Method Finished:
- P\Tests\Feature\AcademicSetupManagementTest::setUp
Test Prepared (P\Tests\Feature\AcademicSetupManagementTest::__pest_evaluable_invalid_academic_year_formats_are_rejected#dataset "words")
Post Condition Method Called (P\Tests\Feature\AcademicSetupManagementTest::__MarkTestIncompleteIfSnapshotHaveChanged)
Post Condition Method Finished:
- P\Tests\Feature\AcademicSetupManagementTest::__MarkTestIncompleteIfSnapshotHaveChanged
After Test Method Called (P\Tests\Feature\AcademicSetupManagementTest::tearDown)
After Test Method Finished:
- P\Tests\Feature\AcademicSetupManagementTest::tearDown
Test Passed (P\Tests\Feature\AcademicSetupManagementTest::__pest_evaluable_invalid_academic_year_formats_are_rejected#dataset "words")
Test Finished (P\Tests\Feature\AcademicSetupManagementTest::__pest_evaluable_invalid_academic_year_formats_are_rejected#dataset "words")
Test Suite Finished (P\Tests\Feature\AcademicSetupManagementTest::__pest_evaluable_invalid_academic_year_formats_are_rejected, 6 tests)
Test Preparation Started (P\Tests\Feature\AcademicSetupManagementTest::__pest_evaluable_duplicate_academic_year_names_are_rejected)
Before Test Method Called (P\Tests\Feature\AcademicSetupManagementTest::setUp)
Before Test Method Finished:
- P\Tests\Feature\AcademicSetupManagementTest::setUp
Test Prepared (P\Tests\Feature\AcademicSetupManagementTest::__pest_evaluable_duplicate_academic_year_names_are_rejected)
Post Condition Method Called (P\Tests\Feature\AcademicSetupManagementTest::__MarkTestIncompleteIfSnapshotHaveChanged)
Post Condition Method Finished:
- P\Tests\Feature\AcademicSetupManagementTest::__MarkTestIncompleteIfSnapshotHaveChanged
After Test Method Called (P\Tests\Feature\AcademicSetupManagementTest::tearDown)
After Test Method Finished:
- P\Tests\Feature\AcademicSetupManagementTest::tearDown
Test Passed (P\Tests\Feature\AcademicSetupManagementTest::__pest_evaluable_duplicate_academic_year_names_are_rejected)
Test Finished (P\Tests\Feature\AcademicSetupManagementTest::__pest_evaluable_duplicate_academic_year_names_are_rejected)
Test Preparation Started (P\Tests\Feature\AcademicSetupManagementTest::__pest_evaluable_changing_the_current_academic_year_clears_the_previous_current_term)
Before Test Method Called (P\Tests\Feature\AcademicSetupManagementTest::setUp)
Before Test Method Finished:
- P\Tests\Feature\AcademicSetupManagementTest::setUp
Test Prepared (P\Tests\Feature\AcademicSetupManagementTest::__pest_evaluable_changing_the_current_academic_year_clears_the_previous_current_term)
Post Condition Method Called (P\Tests\Feature\AcademicSetupManagementTest::__MarkTestIncompleteIfSnapshotHaveChanged)
Post Condition Method Finished:
- P\Tests\Feature\AcademicSetupManagementTest::__MarkTestIncompleteIfSnapshotHaveChanged
After Test Method Called (P\Tests\Feature\AcademicSetupManagementTest::tearDown)
After Test Method Finished:
- P\Tests\Feature\AcademicSetupManagementTest::tearDown
Test Passed (P\Tests\Feature\AcademicSetupManagementTest::__pest_evaluable_changing_the_current_academic_year_clears_the_previous_current_term)
Test Finished (P\Tests\Feature\AcademicSetupManagementTest::__pest_evaluable_changing_the_current_academic_year_clears_the_previous_current_term)
Test Preparation Started (P\Tests\Feature\AcademicSetupManagementTest::__pest_evaluable_only_one_term_in_the_current_academic_year_can_be_current)
Before Test Method Called (P\Tests\Feature\AcademicSetupManagementTest::setUp)
Before Test Method Finished:
- P\Tests\Feature\AcademicSetupManagementTest::setUp
Test Prepared (P\Tests\Feature\AcademicSetupManagementTest::__pest_evaluable_only_one_term_in_the_current_academic_year_can_be_current)
Post Condition Method Called (P\Tests\Feature\AcademicSetupManagementTest::__MarkTestIncompleteIfSnapshotHaveChanged)
Post Condition Method Finished:
- P\Tests\Feature\AcademicSetupManagementTest::__MarkTestIncompleteIfSnapshotHaveChanged
After Test Method Called (P\Tests\Feature\AcademicSetupManagementTest::tearDown)
After Test Method Finished:
- P\Tests\Feature\AcademicSetupManagementTest::tearDown
Test Passed (P\Tests\Feature\AcademicSetupManagementTest::__pest_evaluable_only_one_term_in_the_current_academic_year_can_be_current)
Test Finished (P\Tests\Feature\AcademicSetupManagementTest::__pest_evaluable_only_one_term_in_the_current_academic_year_can_be_current)
Test Preparation Started (P\Tests\Feature\AcademicSetupManagementTest::__pest_evaluable_a_term_from_a_non_current_academic_year_cannot_be_made_current)
Before Test Method Called (P\Tests\Feature\AcademicSetupManagementTest::setUp)
Before Test Method Finished:
- P\Tests\Feature\AcademicSetupManagementTest::setUp
Test Prepared (P\Tests\Feature\AcademicSetupManagementTest::__pest_evaluable_a_term_from_a_non_current_academic_year_cannot_be_made_current)
Post Condition Method Called (P\Tests\Feature\AcademicSetupManagementTest::__MarkTestIncompleteIfSnapshotHaveChanged)
Post Condition Method Finished:
- P\Tests\Feature\AcademicSetupManagementTest::__MarkTestIncompleteIfSnapshotHaveChanged
After Test Method Called (P\Tests\Feature\AcademicSetupManagementTest::tearDown)
After Test Method Finished:
- P\Tests\Feature\AcademicSetupManagementTest::tearDown
Test Passed (P\Tests\Feature\AcademicSetupManagementTest::__pest_evaluable_a_term_from_a_non_current_academic_year_cannot_be_made_current)
Test Finished (P\Tests\Feature\AcademicSetupManagementTest::__pest_evaluable_a_term_from_a_non_current_academic_year_cannot_be_made_current)
Test Preparation Started (P\Tests\Feature\AcademicSetupManagementTest::__pest_evaluable_structural_terms_cannot_be_added__renamed__reordered__or_deleted)
Before Test Method Called (P\Tests\Feature\AcademicSetupManagementTest::setUp)
Before Test Method Finished:
- P\Tests\Feature\AcademicSetupManagementTest::setUp
Test Prepared (P\Tests\Feature\AcademicSetupManagementTest::__pest_evaluable_structural_terms_cannot_be_added__renamed__reordered__or_deleted)
Post Condition Method Called (P\Tests\Feature\AcademicSetupManagementTest::__MarkTestIncompleteIfSnapshotHaveChanged)
Post Condition Method Finished:
- P\Tests\Feature\AcademicSetupManagementTest::__MarkTestIncompleteIfSnapshotHaveChanged
After Test Method Called (P\Tests\Feature\AcademicSetupManagementTest::tearDown)
After Test Method Finished:
- P\Tests\Feature\AcademicSetupManagementTest::tearDown
Test Passed (P\Tests\Feature\AcademicSetupManagementTest::__pest_evaluable_structural_terms_cannot_be_added__renamed__reordered__or_deleted)
Test Finished (P\Tests\Feature\AcademicSetupManagementTest::__pest_evaluable_structural_terms_cannot_be_added__renamed__reordered__or_deleted)
Test Preparation Started (P\Tests\Feature\AcademicSetupManagementTest::__pest_evaluable_class_levels_can_be_created_with_progression_order_and_description)
Before Test Method Called (P\Tests\Feature\AcademicSetupManagementTest::setUp)
Before Test Method Finished:
- P\Tests\Feature\AcademicSetupManagementTest::setUp
Test Prepared (P\Tests\Feature\AcademicSetupManagementTest::__pest_evaluable_class_levels_can_be_created_with_progression_order_and_description)
Post Condition Method Called (P\Tests\Feature\AcademicSetupManagementTest::__MarkTestIncompleteIfSnapshotHaveChanged)
Post Condition Method Finished:
- P\Tests\Feature\AcademicSetupManagementTest::__MarkTestIncompleteIfSnapshotHaveChanged
After Test Method Called (P\Tests\Feature\AcademicSetupManagementTest::tearDown)
After Test Method Finished:
- P\Tests\Feature\AcademicSetupManagementTest::tearDown
Test Passed (P\Tests\Feature\AcademicSetupManagementTest::__pest_evaluable_class_levels_can_be_created_with_progression_order_and_description)
Test Finished (P\Tests\Feature\AcademicSetupManagementTest::__pest_evaluable_class_levels_can_be_created_with_progression_order_and_description)
Test Preparation Started (P\Tests\Feature\AcademicSetupManagementTest::__pest_evaluable_class_levels_are_displayed_in_progression_order_instead_of_alphabetically)
Before Test Method Called (P\Tests\Feature\AcademicSetupManagementTest::setUp)
Before Test Method Finished:
- P\Tests\Feature\AcademicSetupManagementTest::setUp
Test Prepared (P\Tests\Feature\AcademicSetupManagementTest::__pest_evaluable_class_levels_are_displayed_in_progression_order_instead_of_alphabetically)
Post Condition Method Called (P\Tests\Feature\AcademicSetupManagementTest::__MarkTestIncompleteIfSnapshotHaveChanged)
Post Condition Method Finished:
- P\Tests\Feature\AcademicSetupManagementTest::__MarkTestIncompleteIfSnapshotHaveChanged
After Test Method Called (P\Tests\Feature\AcademicSetupManagementTest::tearDown)
After Test Method Finished:
- P\Tests\Feature\AcademicSetupManagementTest::tearDown
Test Passed (P\Tests\Feature\AcademicSetupManagementTest::__pest_evaluable_class_levels_are_displayed_in_progression_order_instead_of_alphabetically)
Test Finished (P\Tests\Feature\AcademicSetupManagementTest::__pest_evaluable_class_levels_are_displayed_in_progression_order_instead_of_alphabetically)
Test Preparation Started (P\Tests\Feature\AcademicSetupManagementTest::__pest_evaluable_class_levels_with_subject_assignments_cannot_be_deleted)
Before Test Method Called (P\Tests\Feature\AcademicSetupManagementTest::setUp)
Before Test Method Finished:
- P\Tests\Feature\AcademicSetupManagementTest::setUp
Test Prepared (P\Tests\Feature\AcademicSetupManagementTest::__pest_evaluable_class_levels_with_subject_assignments_cannot_be_deleted)
Post Condition Method Called (P\Tests\Feature\AcademicSetupManagementTest::__MarkTestIncompleteIfSnapshotHaveChanged)
Post Condition Method Finished:
- P\Tests\Feature\AcademicSetupManagementTest::__MarkTestIncompleteIfSnapshotHaveChanged
After Test Method Called (P\Tests\Feature\AcademicSetupManagementTest::tearDown)
After Test Method Finished:
- P\Tests\Feature\AcademicSetupManagementTest::tearDown
Test Passed (P\Tests\Feature\AcademicSetupManagementTest::__pest_evaluable_class_levels_with_subject_assignments_cannot_be_deleted)
Test Finished (P\Tests\Feature\AcademicSetupManagementTest::__pest_evaluable_class_levels_with_subject_assignments_cannot_be_deleted)
Test Preparation Started (P\Tests\Feature\AcademicSetupManagementTest::__pest_evaluable_subjects_are_deactivated_without_removing_existing_assignments)
Before Test Method Called (P\Tests\Feature\AcademicSetupManagementTest::setUp)
Before Test Method Finished:
- P\Tests\Feature\AcademicSetupManagementTest::setUp
Test Prepared (P\Tests\Feature\AcademicSetupManagementTest::__pest_evaluable_subjects_are_deactivated_without_removing_existing_assignments)
Post Condition Method Called (P\Tests\Feature\AcademicSetupManagementTest::__MarkTestIncompleteIfSnapshotHaveChanged)
Post Condition Method Finished:
- P\Tests\Feature\AcademicSetupManagementTest::__MarkTestIncompleteIfSnapshotHaveChanged
After Test Method Called (P\Tests\Feature\AcademicSetupManagementTest::tearDown)
After Test Method Finished:
- P\Tests\Feature\AcademicSetupManagementTest::tearDown
Test Passed (P\Tests\Feature\AcademicSetupManagementTest::__pest_evaluable_subjects_are_deactivated_without_removing_existing_assignments)
Test Finished (P\Tests\Feature\AcademicSetupManagementTest::__pest_evaluable_subjects_are_deactivated_without_removing_existing_assignments)
Test Preparation Started (P\Tests\Feature\AcademicSetupManagementTest::__pest_evaluable_class_subject_changes_are_saved_as_one_bounded_batch)
Before Test Method Called (P\Tests\Feature\AcademicSetupManagementTest::setUp)
Before Test Method Finished:
- P\Tests\Feature\AcademicSetupManagementTest::setUp
Test Prepared (P\Tests\Feature\AcademicSetupManagementTest::__pest_evaluable_class_subject_changes_are_saved_as_one_bounded_batch)
Post Condition Method Called (P\Tests\Feature\AcademicSetupManagementTest::__MarkTestIncompleteIfSnapshotHaveChanged)
Post Condition Method Finished:
- P\Tests\Feature\AcademicSetupManagementTest::__MarkTestIncompleteIfSnapshotHaveChanged
After Test Method Called (P\Tests\Feature\AcademicSetupManagementTest::tearDown)
After Test Method Finished:
- P\Tests\Feature\AcademicSetupManagementTest::tearDown
Test Passed (P\Tests\Feature\AcademicSetupManagementTest::__pest_evaluable_class_subject_changes_are_saved_as_one_bounded_batch)
Test Finished (P\Tests\Feature\AcademicSetupManagementTest::__pest_evaluable_class_subject_changes_are_saved_as_one_bounded_batch)
Test Preparation Started (P\Tests\Feature\AcademicSetupManagementTest::__pest_evaluable_class_subjects_belong_directly_to_class_levels_and_reject_duplicate_assignments)
Before Test Method Called (P\Tests\Feature\AcademicSetupManagementTest::setUp)
Before Test Method Finished:
- P\Tests\Feature\AcademicSetupManagementTest::setUp
Test Prepared (P\Tests\Feature\AcademicSetupManagementTest::__pest_evaluable_class_subjects_belong_directly_to_class_levels_and_reject_duplicate_assignments)
Post Condition Method Called (P\Tests\Feature\AcademicSetupManagementTest::__MarkTestIncompleteIfSnapshotHaveChanged)
Post Condition Method Finished:
- P\Tests\Feature\AcademicSetupManagementTest::__MarkTestIncompleteIfSnapshotHaveChanged
After Test Method Called (P\Tests\Feature\AcademicSetupManagementTest::tearDown)
After Test Method Finished:
- P\Tests\Feature\AcademicSetupManagementTest::tearDown
Test Passed (P\Tests\Feature\AcademicSetupManagementTest::__pest_evaluable_class_subjects_belong_directly_to_class_levels_and_reject_duplicate_assignments)
Test Finished (P\Tests\Feature\AcademicSetupManagementTest::__pest_evaluable_class_subjects_belong_directly_to_class_levels_and_reject_duplicate_assignments)
Test Preparation Started (P\Tests\Feature\AcademicSetupManagementTest::__pest_evaluable_batch_assignment_rejects_inactive_subjects_and_non_teacher_users)
Before Test Method Called (P\Tests\Feature\AcademicSetupManagementTest::setUp)
Before Test Method Finished:
- P\Tests\Feature\AcademicSetupManagementTest::setUp
Test Prepared (P\Tests\Feature\AcademicSetupManagementTest::__pest_evaluable_batch_assignment_rejects_inactive_subjects_and_non_teacher_users)
Post Condition Method Called (P\Tests\Feature\AcademicSetupManagementTest::__MarkTestIncompleteIfSnapshotHaveChanged)
Post Condition Method Finished:
- P\Tests\Feature\AcademicSetupManagementTest::__MarkTestIncompleteIfSnapshotHaveChanged
After Test Method Called (P\Tests\Feature\AcademicSetupManagementTest::tearDown)
After Test Method Finished:
- P\Tests\Feature\AcademicSetupManagementTest::tearDown
Test Passed (P\Tests\Feature\AcademicSetupManagementTest::__pest_evaluable_batch_assignment_rejects_inactive_subjects_and_non_teacher_users)
Test Finished (P\Tests\Feature\AcademicSetupManagementTest::__pest_evaluable_batch_assignment_rejects_inactive_subjects_and_non_teacher_users)
After Last Test Method Called (P\Tests\Feature\AcademicSetupManagementTest::tearDownAfterClass)
After Last Test Method Finished:
- P\Tests\Feature\AcademicSetupManagementTest::tearDownAfterClass
Test Suite Finished (P\Tests\Feature\AcademicSetupManagementTest, 19 tests)
Test Suite Started (P\Tests\Feature\AcademicSetupNavigationTest, 13 tests)
Before First Test Method Called (P\Tests\Feature\AcademicSetupNavigationTest::setUpBeforeClass)
Before First Test Method Finished:
- P\Tests\Feature\AcademicSetupNavigationTest::setUpBeforeClass
Test Preparation Started (P\Tests\Feature\AcademicSetupNavigationTest::__pest_evaluable_guests_are_redirected_from_academic_setup_to_login)
Before Test Method Called (P\Tests\Feature\AcademicSetupNavigationTest::setUp)
Before Test Method Finished:
- P\Tests\Feature\AcademicSetupNavigationTest::setUp
Test Prepared (P\Tests\Feature\AcademicSetupNavigationTest::__pest_evaluable_guests_are_redirected_from_academic_setup_to_login)
Post Condition Method Called (P\Tests\Feature\AcademicSetupNavigationTest::__MarkTestIncompleteIfSnapshotHaveChanged)
Post Condition Method Finished:
- P\Tests\Feature\AcademicSetupNavigationTest::__MarkTestIncompleteIfSnapshotHaveChanged
After Test Method Called (P\Tests\Feature\AcademicSetupNavigationTest::tearDown)
After Test Method Finished:
- P\Tests\Feature\AcademicSetupNavigationTest::tearDown
Test Passed (P\Tests\Feature\AcademicSetupNavigationTest::__pest_evaluable_guests_are_redirected_from_academic_setup_to_login)
Test Finished (P\Tests\Feature\AcademicSetupNavigationTest::__pest_evaluable_guests_are_redirected_from_academic_setup_to_login)
Test Preparation Started (P\Tests\Feature\AcademicSetupNavigationTest::__pest_evaluable_users_without_academic_permissions_receive_a_forbidden_response)
Before Test Method Called (P\Tests\Feature\AcademicSetupNavigationTest::setUp)
Before Test Method Finished:
- P\Tests\Feature\AcademicSetupNavigationTest::setUp
Test Prepared (P\Tests\Feature\AcademicSetupNavigationTest::__pest_evaluable_users_without_academic_permissions_receive_a_forbidden_response)
Post Condition Method Called (P\Tests\Feature\AcademicSetupNavigationTest::__MarkTestIncompleteIfSnapshotHaveChanged)
Post Condition Method Finished:
- P\Tests\Feature\AcademicSetupNavigationTest::__MarkTestIncompleteIfSnapshotHaveChanged
After Test Method Called (P\Tests\Feature\AcademicSetupNavigationTest::tearDown)
After Test Method Finished:
- P\Tests\Feature\AcademicSetupNavigationTest::tearDown
Test Passed (P\Tests\Feature\AcademicSetupNavigationTest::__pest_evaluable_users_without_academic_permissions_receive_a_forbidden_response)
Test Finished (P\Tests\Feature\AcademicSetupNavigationTest::__pest_evaluable_users_without_academic_permissions_receive_a_forbidden_response)
Test Suite Started (P\Tests\Feature\AcademicSetupNavigationTest::__pest_evaluable_the_academic_entry_route_selects_the_first_page_the_user_may_view, 2 tests)
Test Preparation Started (P\Tests\Feature\AcademicSetupNavigationTest::__pest_evaluable_the_academic_entry_route_selects_the_first_page_the_user_may_view#dataset "class viewer")
Before Test Method Called (P\Tests\Feature\AcademicSetupNavigationTest::setUp)
Before Test Method Finished:
- P\Tests\Feature\AcademicSetupNavigationTest::setUp
Test Prepared (P\Tests\Feature\AcademicSetupNavigationTest::__pest_evaluable_the_academic_entry_route_selects_the_first_page_the_user_may_view#dataset "class viewer")
Post Condition Method Called (P\Tests\Feature\AcademicSetupNavigationTest::__MarkTestIncompleteIfSnapshotHaveChanged)
Post Condition Method Finished:
- P\Tests\Feature\AcademicSetupNavigationTest::__MarkTestIncompleteIfSnapshotHaveChanged
After Test Method Called (P\Tests\Feature\AcademicSetupNavigationTest::tearDown)
After Test Method Finished:
- P\Tests\Feature\AcademicSetupNavigationTest::tearDown
Test Passed (P\Tests\Feature\AcademicSetupNavigationTest::__pest_evaluable_the_academic_entry_route_selects_the_first_page_the_user_may_view#dataset "class viewer")
Test Finished (P\Tests\Feature\AcademicSetupNavigationTest::__pest_evaluable_the_academic_entry_route_selects_the_first_page_the_user_may_view#dataset "class viewer")
Test Preparation Started (P\Tests\Feature\AcademicSetupNavigationTest::__pest_evaluable_the_academic_entry_route_selects_the_first_page_the_user_may_view#dataset "subject viewer")
Before Test Method Called (P\Tests\Feature\AcademicSetupNavigationTest::setUp)
Before Test Method Finished:
- P\Tests\Feature\AcademicSetupNavigationTest::setUp
Test Prepared (P\Tests\Feature\AcademicSetupNavigationTest::__pest_evaluable_the_academic_entry_route_selects_the_first_page_the_user_may_view#dataset "subject viewer")
Post Condition Method Called (P\Tests\Feature\AcademicSetupNavigationTest::__MarkTestIncompleteIfSnapshotHaveChanged)
Post Condition Method Finished:
- P\Tests\Feature\AcademicSetupNavigationTest::__MarkTestIncompleteIfSnapshotHaveChanged
After Test Method Called (P\Tests\Feature\AcademicSetupNavigationTest::tearDown)
After Test Method Finished:
- P\Tests\Feature\AcademicSetupNavigationTest::tearDown
Test Passed (P\Tests\Feature\AcademicSetupNavigationTest::__pest_evaluable_the_academic_entry_route_selects_the_first_page_the_user_may_view#dataset "subject viewer")
Test Finished (P\Tests\Feature\AcademicSetupNavigationTest::__pest_evaluable_the_academic_entry_route_selects_the_first_page_the_user_may_view#dataset "subject viewer")
Test Suite Finished (P\Tests\Feature\AcademicSetupNavigationTest::__pest_evaluable_the_academic_entry_route_selects_the_first_page_the_user_may_view, 2 tests)
Test Suite Started (P\Tests\Feature\AcademicSetupNavigationTest::__pest_evaluable_each_academic_page_renders_the_shared_navigation_and_selected_content, 5 tests)
Test Preparation Started (P\Tests\Feature\AcademicSetupNavigationTest::__pest_evaluable_each_academic_page_renders_the_shared_navigation_and_selected_content#dataset "academic years")
Before Test Method Called (P\Tests\Feature\AcademicSetupNavigationTest::setUp)
Before Test Method Finished:
- P\Tests\Feature\AcademicSetupNavigationTest::setUp
Test Prepared (P\Tests\Feature\AcademicSetupNavigationTest::__pest_evaluable_each_academic_page_renders_the_shared_navigation_and_selected_content#dataset "academic years")
Post Condition Method Called (P\Tests\Feature\AcademicSetupNavigationTest::__MarkTestIncompleteIfSnapshotHaveChanged)
Post Condition Method Finished:
- P\Tests\Feature\AcademicSetupNavigationTest::__MarkTestIncompleteIfSnapshotHaveChanged
After Test Method Called (P\Tests\Feature\AcademicSetupNavigationTest::tearDown)
After Test Method Finished:
- P\Tests\Feature\AcademicSetupNavigationTest::tearDown
Test Passed (P\Tests\Feature\AcademicSetupNavigationTest::__pest_evaluable_each_academic_page_renders_the_shared_navigation_and_selected_content#dataset "academic years")
Test Finished (P\Tests\Feature\AcademicSetupNavigationTest::__pest_evaluable_each_academic_page_renders_the_shared_navigation_and_selected_content#dataset "academic years")
Test Preparation Started (P\Tests\Feature\AcademicSetupNavigationTest::__pest_evaluable_each_academic_page_renders_the_shared_navigation_and_selected_content#dataset "terms")
Before Test Method Called (P\Tests\Feature\AcademicSetupNavigationTest::setUp)
Before Test Method Finished:
- P\Tests\Feature\AcademicSetupNavigationTest::setUp
Test Prepared (P\Tests\Feature\AcademicSetupNavigationTest::__pest_evaluable_each_academic_page_renders_the_shared_navigation_and_selected_content#dataset "terms")
Post Condition Method Called (P\Tests\Feature\AcademicSetupNavigationTest::__MarkTestIncompleteIfSnapshotHaveChanged)
Post Condition Method Finished:
- P\Tests\Feature\AcademicSetupNavigationTest::__MarkTestIncompleteIfSnapshotHaveChanged
After Test Method Called (P\Tests\Feature\AcademicSetupNavigationTest::tearDown)
After Test Method Finished:
- P\Tests\Feature\AcademicSetupNavigationTest::tearDown
Test Passed (P\Tests\Feature\AcademicSetupNavigationTest::__pest_evaluable_each_academic_page_renders_the_shared_navigation_and_selected_content#dataset "terms")
Test Finished (P\Tests\Feature\AcademicSetupNavigationTest::__pest_evaluable_each_academic_page_renders_the_shared_navigation_and_selected_content#dataset "terms")
Test Preparation Started (P\Tests\Feature\AcademicSetupNavigationTest::__pest_evaluable_each_academic_page_renders_the_shared_navigation_and_selected_content#dataset "class levels")
Before Test Method Called (P\Tests\Feature\AcademicSetupNavigationTest::setUp)
Before Test Method Finished:
- P\Tests\Feature\AcademicSetupNavigationTest::setUp
Test Prepared (P\Tests\Feature\AcademicSetupNavigationTest::__pest_evaluable_each_academic_page_renders_the_shared_navigation_and_selected_content#dataset "class levels")
Post Condition Method Called (P\Tests\Feature\AcademicSetupNavigationTest::__MarkTestIncompleteIfSnapshotHaveChanged)
Post Condition Method Finished:
- P\Tests\Feature\AcademicSetupNavigationTest::__MarkTestIncompleteIfSnapshotHaveChanged
After Test Method Called (P\Tests\Feature\AcademicSetupNavigationTest::tearDown)
After Test Method Finished:
- P\Tests\Feature\AcademicSetupNavigationTest::tearDown
Test Passed (P\Tests\Feature\AcademicSetupNavigationTest::__pest_evaluable_each_academic_page_renders_the_shared_navigation_and_selected_content#dataset "class levels")
Test Finished (P\Tests\Feature\AcademicSetupNavigationTest::__pest_evaluable_each_academic_page_renders_the_shared_navigation_and_selected_content#dataset "class levels")
Test Preparation Started (P\Tests\Feature\AcademicSetupNavigationTest::__pest_evaluable_each_academic_page_renders_the_shared_navigation_and_selected_content#dataset "subjects")
Before Test Method Called (P\Tests\Feature\AcademicSetupNavigationTest::setUp)
Before Test Method Finished:
- P\Tests\Feature\AcademicSetupNavigationTest::setUp
Test Prepared (P\Tests\Feature\AcademicSetupNavigationTest::__pest_evaluable_each_academic_page_renders_the_shared_navigation_and_selected_content#dataset "subjects")
Post Condition Method Called (P\Tests\Feature\AcademicSetupNavigationTest::__MarkTestIncompleteIfSnapshotHaveChanged)
Post Condition Method Finished:
- P\Tests\Feature\AcademicSetupNavigationTest::__MarkTestIncompleteIfSnapshotHaveChanged
After Test Method Called (P\Tests\Feature\AcademicSetupNavigationTest::tearDown)
After Test Method Finished:
- P\Tests\Feature\AcademicSetupNavigationTest::tearDown
Test Passed (P\Tests\Feature\AcademicSetupNavigationTest::__pest_evaluable_each_academic_page_renders_the_shared_navigation_and_selected_content#dataset "subjects")
Test Finished (P\Tests\Feature\AcademicSetupNavigationTest::__pest_evaluable_each_academic_page_renders_the_shared_navigation_and_selected_content#dataset "subjects")
Test Preparation Started (P\Tests\Feature\AcademicSetupNavigationTest::__pest_evaluable_each_academic_page_renders_the_shared_navigation_and_selected_content#dataset "class subjects")
Before Test Method Called (P\Tests\Feature\AcademicSetupNavigationTest::setUp)
Before Test Method Finished:
- P\Tests\Feature\AcademicSetupNavigationTest::setUp
Test Prepared (P\Tests\Feature\AcademicSetupNavigationTest::__pest_evaluable_each_academic_page_renders_the_shared_navigation_and_selected_content#dataset "class subjects")
Post Condition Method Called (P\Tests\Feature\AcademicSetupNavigationTest::__MarkTestIncompleteIfSnapshotHaveChanged)
Post Condition Method Finished:
- P\Tests\Feature\AcademicSetupNavigationTest::__MarkTestIncompleteIfSnapshotHaveChanged
After Test Method Called (P\Tests\Feature\AcademicSetupNavigationTest::tearDown)
After Test Method Finished:
- P\Tests\Feature\AcademicSetupNavigationTest::tearDown
Test Passed (P\Tests\Feature\AcademicSetupNavigationTest::__pest_evaluable_each_academic_page_renders_the_shared_navigation_and_selected_content#dataset "class subjects")
Test Finished (P\Tests\Feature\AcademicSetupNavigationTest::__pest_evaluable_each_academic_page_renders_the_shared_navigation_and_selected_content#dataset "class subjects")
Test Suite Finished (P\Tests\Feature\AcademicSetupNavigationTest::__pest_evaluable_each_academic_page_renders_the_shared_navigation_and_selected_content, 5 tests)
Test Suite Started (P\Tests\Feature\AcademicSetupNavigationTest::__pest_evaluable_academic_pages_enforce_their_domain_view_permission, 2 tests)
Test Preparation Started (P\Tests\Feature\AcademicSetupNavigationTest::__pest_evaluable_academic_pages_enforce_their_domain_view_permission#dataset "subject viewer cannot view class setup")
Before Test Method Called (P\Tests\Feature\AcademicSetupNavigationTest::setUp)
Before Test Method Finished:
- P\Tests\Feature\AcademicSetupNavigationTest::setUp
Test Prepared (P\Tests\Feature\AcademicSetupNavigationTest::__pest_evaluable_academic_pages_enforce_their_domain_view_permission#dataset "subject viewer cannot view class setup")
Post Condition Method Called (P\Tests\Feature\AcademicSetupNavigationTest::__MarkTestIncompleteIfSnapshotHaveChanged)
Post Condition Method Finished:
- P\Tests\Feature\AcademicSetupNavigationTest::__MarkTestIncompleteIfSnapshotHaveChanged
After Test Method Called (P\Tests\Feature\AcademicSetupNavigationTest::tearDown)
After Test Method Finished:
- P\Tests\Feature\AcademicSetupNavigationTest::tearDown
Test Passed (P\Tests\Feature\AcademicSetupNavigationTest::__pest_evaluable_academic_pages_enforce_their_domain_view_permission#dataset "subject viewer cannot view class setup")
Test Finished (P\Tests\Feature\AcademicSetupNavigationTest::__pest_evaluable_academic_pages_enforce_their_domain_view_permission#dataset "subject viewer cannot view class setup")
Test Preparation Started (P\Tests\Feature\AcademicSetupNavigationTest::__pest_evaluable_academic_pages_enforce_their_domain_view_permission#dataset "class viewer cannot view subject setup")
Before Test Method Called (P\Tests\Feature\AcademicSetupNavigationTest::setUp)
Before Test Method Finished:
- P\Tests\Feature\AcademicSetupNavigationTest::setUp
Test Prepared (P\Tests\Feature\AcademicSetupNavigationTest::__pest_evaluable_academic_pages_enforce_their_domain_view_permission#dataset "class viewer cannot view subject setup")
Post Condition Method Called (P\Tests\Feature\AcademicSetupNavigationTest::__MarkTestIncompleteIfSnapshotHaveChanged)
Post Condition Method Finished:
- P\Tests\Feature\AcademicSetupNavigationTest::__MarkTestIncompleteIfSnapshotHaveChanged
After Test Method Called (P\Tests\Feature\AcademicSetupNavigationTest::tearDown)
After Test Method Finished:
- P\Tests\Feature\AcademicSetupNavigationTest::tearDown
Test Passed (P\Tests\Feature\AcademicSetupNavigationTest::__pest_evaluable_academic_pages_enforce_their_domain_view_permission#dataset "class viewer cannot view subject setup")
Test Finished (P\Tests\Feature\AcademicSetupNavigationTest::__pest_evaluable_academic_pages_enforce_their_domain_view_permission#dataset "class viewer cannot view subject setup")
Test Suite Finished (P\Tests\Feature\AcademicSetupNavigationTest::__pest_evaluable_academic_pages_enforce_their_domain_view_permission, 2 tests)
Test Preparation Started (P\Tests\Feature\AcademicSetupNavigationTest::__pest_evaluable_the_main_sidebar_keeps_academic_setup_active_throughout_the_module)
Before Test Method Called (P\Tests\Feature\AcademicSetupNavigationTest::setUp)
Before Test Method Finished:
- P\Tests\Feature\AcademicSetupNavigationTest::setUp
Test Prepared (P\Tests\Feature\AcademicSetupNavigationTest::__pest_evaluable_the_main_sidebar_keeps_academic_setup_active_throughout_the_module)
Post Condition Method Called (P\Tests\Feature\AcademicSetupNavigationTest::__MarkTestIncompleteIfSnapshotHaveChanged)
Post Condition Method Finished:
- P\Tests\Feature\AcademicSetupNavigationTest::__MarkTestIncompleteIfSnapshotHaveChanged
After Test Method Called (P\Tests\Feature\AcademicSetupNavigationTest::tearDown)
After Test Method Finished:
- P\Tests\Feature\AcademicSetupNavigationTest::tearDown
Test Passed (P\Tests\Feature\AcademicSetupNavigationTest::__pest_evaluable_the_main_sidebar_keeps_academic_setup_active_throughout_the_module)
Test Finished (P\Tests\Feature\AcademicSetupNavigationTest::__pest_evaluable_the_main_sidebar_keeps_academic_setup_active_throughout_the_module)
Test Preparation Started (P\Tests\Feature\AcademicSetupNavigationTest::__pest_evaluable_the_removed_class_sections_page_is_not_routed)
Before Test Method Called (P\Tests\Feature\AcademicSetupNavigationTest::setUp)
Before Test Method Finished:
- P\Tests\Feature\AcademicSetupNavigationTest::setUp
Test Prepared (P\Tests\Feature\AcademicSetupNavigationTest::__pest_evaluable_the_removed_class_sections_page_is_not_routed)
Post Condition Method Called (P\Tests\Feature\AcademicSetupNavigationTest::__MarkTestIncompleteIfSnapshotHaveChanged)
Post Condition Method Finished:
- P\Tests\Feature\AcademicSetupNavigationTest::__MarkTestIncompleteIfSnapshotHaveChanged
After Test Method Called (P\Tests\Feature\AcademicSetupNavigationTest::tearDown)
After Test Method Finished:
- P\Tests\Feature\AcademicSetupNavigationTest::tearDown
Test Passed (P\Tests\Feature\AcademicSetupNavigationTest::__pest_evaluable_the_removed_class_sections_page_is_not_routed)
Test Finished (P\Tests\Feature\AcademicSetupNavigationTest::__pest_evaluable_the_removed_class_sections_page_is_not_routed)
After Last Test Method Called (P\Tests\Feature\AcademicSetupNavigationTest::tearDownAfterClass)
After Last Test Method Finished:
- P\Tests\Feature\AcademicSetupNavigationTest::tearDownAfterClass
Test Suite Finished (P\Tests\Feature\AcademicSetupNavigationTest, 13 tests)
Test Suite Started (P\Tests\Feature\AssessmentManagementTest, 13 tests)
Before First Test Method Called (P\Tests\Feature\AssessmentManagementTest::setUpBeforeClass)
Before First Test Method Finished:
- P\Tests\Feature\AssessmentManagementTest::setUpBeforeClass
Test Preparation Started (P\Tests\Feature\AssessmentManagementTest::__pest_evaluable_assessment_routes_require_authentication_and_their_specific_permissions)
Before Test Method Called (P\Tests\Feature\AssessmentManagementTest::setUp)
Before Test Method Finished:
- P\Tests\Feature\AssessmentManagementTest::setUp
Test Prepared (P\Tests\Feature\AssessmentManagementTest::__pest_evaluable_assessment_routes_require_authentication_and_their_specific_permissions)
Post Condition Method Called (P\Tests\Feature\AssessmentManagementTest::__MarkTestIncompleteIfSnapshotHaveChanged)
Post Condition Method Finished:
- P\Tests\Feature\AssessmentManagementTest::__MarkTestIncompleteIfSnapshotHaveChanged
After Test Method Called (P\Tests\Feature\AssessmentManagementTest::tearDown)
After Test Method Finished:
- P\Tests\Feature\AssessmentManagementTest::tearDown
Test Passed (P\Tests\Feature\AssessmentManagementTest::__pest_evaluable_assessment_routes_require_authentication_and_their_specific_permissions)
Test Finished (P\Tests\Feature\AssessmentManagementTest::__pest_evaluable_assessment_routes_require_authentication_and_their_specific_permissions)
Test Preparation Started (P\Tests\Feature\AssessmentManagementTest::__pest_evaluable_assessment_policy_keeps_management_permission_and_assignment_scoped)
Before Test Method Called (P\Tests\Feature\AssessmentManagementTest::setUp)
Before Test Method Finished:
- P\Tests\Feature\AssessmentManagementTest::setUp
Test Prepared (P\Tests\Feature\AssessmentManagementTest::__pest_evaluable_assessment_policy_keeps_management_permission_and_assignment_scoped)
Post Condition Method Called (P\Tests\Feature\AssessmentManagementTest::__MarkTestIncompleteIfSnapshotHaveChanged)
Post Condition Method Finished:
- P\Tests\Feature\AssessmentManagementTest::__MarkTestIncompleteIfSnapshotHaveChanged
After Test Method Called (P\Tests\Feature\AssessmentManagementTest::tearDown)
After Test Method Finished:
- P\Tests\Feature\AssessmentManagementTest::tearDown
Test Passed (P\Tests\Feature\AssessmentManagementTest::__pest_evaluable_assessment_policy_keeps_management_permission_and_assignment_scoped)
Test Finished (P\Tests\Feature\AssessmentManagementTest::__pest_evaluable_assessment_policy_keeps_management_permission_and_assignment_scoped)
Test Preparation Started (P\Tests\Feature\AssessmentManagementTest::__pest_evaluable_authorized_users_create_and_update_assessments_in_assigned_academic_contexts)
Before Test Method Called (P\Tests\Feature\AssessmentManagementTest::setUp)
Before Test Method Finished:
- P\Tests\Feature\AssessmentManagementTest::setUp
Test Prepared (P\Tests\Feature\AssessmentManagementTest::__pest_evaluable_authorized_users_create_and_update_assessments_in_assigned_academic_contexts)
Post Condition Method Called (P\Tests\Feature\AssessmentManagementTest::__MarkTestIncompleteIfSnapshotHaveChanged)
Post Condition Method Finished:
- P\Tests\Feature\AssessmentManagementTest::__MarkTestIncompleteIfSnapshotHaveChanged
After Test Method Called (P\Tests\Feature\AssessmentManagementTest::tearDown)
After Test Method Finished:
- P\Tests\Feature\AssessmentManagementTest::tearDown
Test Passed (P\Tests\Feature\AssessmentManagementTest::__pest_evaluable_authorized_users_create_and_update_assessments_in_assigned_academic_contexts)
Test Finished (P\Tests\Feature\AssessmentManagementTest::__pest_evaluable_authorized_users_create_and_update_assessments_in_assigned_academic_contexts)
Test Suite Started (P\Tests\Feature\AssessmentManagementTest::__pest_evaluable_assessment_form_rejects_invalid_academic_combinations_and_maximum_scores, 5 tests)
Test Preparation Started (P\Tests\Feature\AssessmentManagementTest::__pest_evaluable_assessment_form_rejects_invalid_academic_combinations_and_maximum_scores#dataset "term from another academic year")
Before Test Method Called (P\Tests\Feature\AssessmentManagementTest::setUp)
Before Test Method Finished:
- P\Tests\Feature\AssessmentManagementTest::setUp
Test Prepared (P\Tests\Feature\AssessmentManagementTest::__pest_evaluable_assessment_form_rejects_invalid_academic_combinations_and_maximum_scores#dataset "term from another academic year")
Post Condition Method Called (P\Tests\Feature\AssessmentManagementTest::__MarkTestIncompleteIfSnapshotHaveChanged)
Post Condition Method Finished:
- P\Tests\Feature\AssessmentManagementTest::__MarkTestIncompleteIfSnapshotHaveChanged
After Test Method Called (P\Tests\Feature\AssessmentManagementTest::tearDown)
After Test Method Finished:
- P\Tests\Feature\AssessmentManagementTest::tearDown
Test Passed (P\Tests\Feature\AssessmentManagementTest::__pest_evaluable_assessment_form_rejects_invalid_academic_combinations_and_maximum_scores#dataset "term from another academic year")
Test Finished (P\Tests\Feature\AssessmentManagementTest::__pest_evaluable_assessment_form_rejects_invalid_academic_combinations_and_maximum_scores#dataset "term from another academic year")
Test Preparation Started (P\Tests\Feature\AssessmentManagementTest::__pest_evaluable_assessment_form_rejects_invalid_academic_combinations_and_maximum_scores#dataset "unassigned subject")
Before Test Method Called (P\Tests\Feature\AssessmentManagementTest::setUp)
Before Test Method Finished:
- P\Tests\Feature\AssessmentManagementTest::setUp
Test Prepared (P\Tests\Feature\AssessmentManagementTest::__pest_evaluable_assessment_form_rejects_invalid_academic_combinations_and_maximum_scores#dataset "unassigned subject")
Post Condition Method Called (P\Tests\Feature\AssessmentManagementTest::__MarkTestIncompleteIfSnapshotHaveChanged)
Post Condition Method Finished:
- P\Tests\Feature\AssessmentManagementTest::__MarkTestIncompleteIfSnapshotHaveChanged
After Test Method Called (P\Tests\Feature\AssessmentManagementTest::tearDown)
After Test Method Finished:
- P\Tests\Feature\AssessmentManagementTest::tearDown
Test Passed (P\Tests\Feature\AssessmentManagementTest::__pest_evaluable_assessment_form_rejects_invalid_academic_combinations_and_maximum_scores#dataset "unassigned subject")
Test Finished (P\Tests\Feature\AssessmentManagementTest::__pest_evaluable_assessment_form_rejects_invalid_academic_combinations_and_maximum_scores#dataset "unassigned subject")
Test Preparation Started (P\Tests\Feature\AssessmentManagementTest::__pest_evaluable_assessment_form_rejects_invalid_academic_combinations_and_maximum_scores#dataset "zero maximum")
Before Test Method Called (P\Tests\Feature\AssessmentManagementTest::setUp)
Before Test Method Finished:
- P\Tests\Feature\AssessmentManagementTest::setUp
Test Prepared (P\Tests\Feature\AssessmentManagementTest::__pest_evaluable_assessment_form_rejects_invalid_academic_combinations_and_maximum_scores#dataset "zero maximum")
Post Condition Method Called (P\Tests\Feature\AssessmentManagementTest::__MarkTestIncompleteIfSnapshotHaveChanged)
Post Condition Method Finished:
- P\Tests\Feature\AssessmentManagementTest::__MarkTestIncompleteIfSnapshotHaveChanged
After Test Method Called (P\Tests\Feature\AssessmentManagementTest::tearDown)
After Test Method Finished:
- P\Tests\Feature\AssessmentManagementTest::tearDown
Test Passed (P\Tests\Feature\AssessmentManagementTest::__pest_evaluable_assessment_form_rejects_invalid_academic_combinations_and_maximum_scores#dataset "zero maximum")
Test Finished (P\Tests\Feature\AssessmentManagementTest::__pest_evaluable_assessment_form_rejects_invalid_academic_combinations_and_maximum_scores#dataset "zero maximum")
Test Preparation Started (P\Tests\Feature\AssessmentManagementTest::__pest_evaluable_assessment_form_rejects_invalid_academic_combinations_and_maximum_scores#dataset "negative maximum")
Before Test Method Called (P\Tests\Feature\AssessmentManagementTest::setUp)
Before Test Method Finished:
- P\Tests\Feature\AssessmentManagementTest::setUp
Test Prepared (P\Tests\Feature\AssessmentManagementTest::__pest_evaluable_assessment_form_rejects_invalid_academic_combinations_and_maximum_scores#dataset "negative maximum")
Post Condition Method Called (P\Tests\Feature\AssessmentManagementTest::__MarkTestIncompleteIfSnapshotHaveChanged)
Post Condition Method Finished:
- P\Tests\Feature\AssessmentManagementTest::__MarkTestIncompleteIfSnapshotHaveChanged
After Test Method Called (P\Tests\Feature\AssessmentManagementTest::tearDown)
After Test Method Finished:
- P\Tests\Feature\AssessmentManagementTest::tearDown
Test Passed (P\Tests\Feature\AssessmentManagementTest::__pest_evaluable_assessment_form_rejects_invalid_academic_combinations_and_maximum_scores#dataset "negative maximum")
Test Finished (P\Tests\Feature\AssessmentManagementTest::__pest_evaluable_assessment_form_rejects_invalid_academic_combinations_and_maximum_scores#dataset "negative maximum")
Test Preparation Started (P\Tests\Feature\AssessmentManagementTest::__pest_evaluable_assessment_form_rejects_invalid_academic_combinations_and_maximum_scores#dataset "excess precision")
Before Test Method Called (P\Tests\Feature\AssessmentManagementTest::setUp)
Before Test Method Finished:
- P\Tests\Feature\AssessmentManagementTest::setUp
Test Prepared (P\Tests\Feature\AssessmentManagementTest::__pest_evaluable_assessment_form_rejects_invalid_academic_combinations_and_maximum_scores#dataset "excess precision")
Post Condition Method Called (P\Tests\Feature\AssessmentManagementTest::__MarkTestIncompleteIfSnapshotHaveChanged)
Post Condition Method Finished:
- P\Tests\Feature\AssessmentManagementTest::__MarkTestIncompleteIfSnapshotHaveChanged
After Test Method Called (P\Tests\Feature\AssessmentManagementTest::tearDown)
After Test Method Finished:
- P\Tests\Feature\AssessmentManagementTest::tearDown
Test Passed (P\Tests\Feature\AssessmentManagementTest::__pest_evaluable_assessment_form_rejects_invalid_academic_combinations_and_maximum_scores#dataset "excess precision")
Test Finished (P\Tests\Feature\AssessmentManagementTest::__pest_evaluable_assessment_form_rejects_invalid_academic_combinations_and_maximum_scores#dataset "excess precision")
Test Suite Finished (P\Tests\Feature\AssessmentManagementTest::__pest_evaluable_assessment_form_rejects_invalid_academic_combinations_and_maximum_scores, 5 tests)
Test Preparation Started (P\Tests\Feature\AssessmentManagementTest::__pest_evaluable_teacher_cannot_create_or_manage_an_assessment_outside_an_assigned_subject)
Before Test Method Called (P\Tests\Feature\AssessmentManagementTest::setUp)
Before Test Method Finished:
- P\Tests\Feature\AssessmentManagementTest::setUp
Test Prepared (P\Tests\Feature\AssessmentManagementTest::__pest_evaluable_teacher_cannot_create_or_manage_an_assessment_outside_an_assigned_subject)
Post Condition Method Called (P\Tests\Feature\AssessmentManagementTest::__MarkTestIncompleteIfSnapshotHaveChanged)
Post Condition Method Finished:
- P\Tests\Feature\AssessmentManagementTest::__MarkTestIncompleteIfSnapshotHaveChanged
After Test Method Called (P\Tests\Feature\AssessmentManagementTest::tearDown)
After Test Method Finished:
- P\Tests\Feature\AssessmentManagementTest::tearDown
Test Passed (P\Tests\Feature\AssessmentManagementTest::__pest_evaluable_teacher_cannot_create_or_manage_an_assessment_outside_an_assigned_subject)
Test Finished (P\Tests\Feature\AssessmentManagementTest::__pest_evaluable_teacher_cannot_create_or_manage_an_assessment_outside_an_assigned_subject)
Test Preparation Started (P\Tests\Feature\AssessmentManagementTest::__pest_evaluable_revoked_teacher_assignment_immediately_prevents_assessment_updates)
Before Test Method Called (P\Tests\Feature\AssessmentManagementTest::setUp)
Before Test Method Finished:
- P\Tests\Feature\AssessmentManagementTest::setUp
Test Prepared (P\Tests\Feature\AssessmentManagementTest::__pest_evaluable_revoked_teacher_assignment_immediately_prevents_assessment_updates)
Post Condition Method Called (P\Tests\Feature\AssessmentManagementTest::__MarkTestIncompleteIfSnapshotHaveChanged)
Post Condition Method Finished:
- P\Tests\Feature\AssessmentManagementTest::__MarkTestIncompleteIfSnapshotHaveChanged
After Test Method Called (P\Tests\Feature\AssessmentManagementTest::tearDown)
After Test Method Finished:
- P\Tests\Feature\AssessmentManagementTest::tearDown
Test Passed (P\Tests\Feature\AssessmentManagementTest::__pest_evaluable_revoked_teacher_assignment_immediately_prevents_assessment_updates)
Test Finished (P\Tests\Feature\AssessmentManagementTest::__pest_evaluable_revoked_teacher_assignment_immediately_prevents_assessment_updates)
Test Preparation Started (P\Tests\Feature\AssessmentManagementTest::__pest_evaluable_assessments_with_scores_cannot_be_deleted_or_have_result_context_changed)
Before Test Method Called (P\Tests\Feature\AssessmentManagementTest::setUp)
Before Test Method Finished:
- P\Tests\Feature\AssessmentManagementTest::setUp
Test Prepared (P\Tests\Feature\AssessmentManagementTest::__pest_evaluable_assessments_with_scores_cannot_be_deleted_or_have_result_context_changed)
Post Condition Method Called (P\Tests\Feature\AssessmentManagementTest::__MarkTestIncompleteIfSnapshotHaveChanged)
Post Condition Method Finished:
- P\Tests\Feature\AssessmentManagementTest::__MarkTestIncompleteIfSnapshotHaveChanged
After Test Method Called (P\Tests\Feature\AssessmentManagementTest::tearDown)
After Test Method Finished:
- P\Tests\Feature\AssessmentManagementTest::tearDown
Test Passed (P\Tests\Feature\AssessmentManagementTest::__pest_evaluable_assessments_with_scores_cannot_be_deleted_or_have_result_context_changed)
Test Finished (P\Tests\Feature\AssessmentManagementTest::__pest_evaluable_assessments_with_scores_cannot_be_deleted_or_have_result_context_changed)
Test Preparation Started (P\Tests\Feature\AssessmentManagementTest::__pest_evaluable_scoreless_assessments_can_be_safely_deleted_by_an_authorized_user)
Before Test Method Called (P\Tests\Feature\AssessmentManagementTest::setUp)
Before Test Method Finished:
- P\Tests\Feature\AssessmentManagementTest::setUp
Test Prepared (P\Tests\Feature\AssessmentManagementTest::__pest_evaluable_scoreless_assessments_can_be_safely_deleted_by_an_authorized_user)
Post Condition Method Called (P\Tests\Feature\AssessmentManagementTest::__MarkTestIncompleteIfSnapshotHaveChanged)
Post Condition Method Finished:
- P\Tests\Feature\AssessmentManagementTest::__MarkTestIncompleteIfSnapshotHaveChanged
After Test Method Called (P\Tests\Feature\AssessmentManagementTest::tearDown)
After Test Method Finished:
- P\Tests\Feature\AssessmentManagementTest::tearDown
Test Passed (P\Tests\Feature\AssessmentManagementTest::__pest_evaluable_scoreless_assessments_can_be_safely_deleted_by_an_authorized_user)
Test Finished (P\Tests\Feature\AssessmentManagementTest::__pest_evaluable_scoreless_assessments_can_be_safely_deleted_by_an_authorized_user)
Test Preparation Started (P\Tests\Feature\AssessmentManagementTest::__pest_evaluable_assessment_index_filters_by_historical_academic_context)
Before Test Method Called (P\Tests\Feature\AssessmentManagementTest::setUp)
Before Test Method Finished:
- P\Tests\Feature\AssessmentManagementTest::setUp
Test Prepared (P\Tests\Feature\AssessmentManagementTest::__pest_evaluable_assessment_index_filters_by_historical_academic_context)
Post Condition Method Called (P\Tests\Feature\AssessmentManagementTest::__MarkTestIncompleteIfSnapshotHaveChanged)
Post Condition Method Finished:
- P\Tests\Feature\AssessmentManagementTest::__MarkTestIncompleteIfSnapshotHaveChanged
After Test Method Called (P\Tests\Feature\AssessmentManagementTest::tearDown)
After Test Method Finished:
- P\Tests\Feature\AssessmentManagementTest::tearDown
Test Passed (P\Tests\Feature\AssessmentManagementTest::__pest_evaluable_assessment_index_filters_by_historical_academic_context)
Test Finished (P\Tests\Feature\AssessmentManagementTest::__pest_evaluable_assessment_index_filters_by_historical_academic_context)
After Last Test Method Called (P\Tests\Feature\AssessmentManagementTest::tearDownAfterClass)
After Last Test Method Finished:
- P\Tests\Feature\AssessmentManagementTest::tearDownAfterClass
Test Suite Finished (P\Tests\Feature\AssessmentManagementTest, 13 tests)
Test Suite Started (P\Tests\Feature\AssessmentResultsTest, 17 tests)
Before First Test Method Called (P\Tests\Feature\AssessmentResultsTest::setUpBeforeClass)
Before First Test Method Finished:
- P\Tests\Feature\AssessmentResultsTest::setUpBeforeClass
Test Preparation Started (P\Tests\Feature\AssessmentResultsTest::__pest_evaluable_score_register_loads_only_the_assessment_historical_roster_and_existing_scores)
Before Test Method Called (P\Tests\Feature\AssessmentResultsTest::setUp)
Before Test Method Finished:
- P\Tests\Feature\AssessmentResultsTest::setUp
Test Prepared (P\Tests\Feature\AssessmentResultsTest::__pest_evaluable_score_register_loads_only_the_assessment_historical_roster_and_existing_scores)
Post Condition Method Called (P\Tests\Feature\AssessmentResultsTest::__MarkTestIncompleteIfSnapshotHaveChanged)
Post Condition Method Finished:
- P\Tests\Feature\AssessmentResultsTest::__MarkTestIncompleteIfSnapshotHaveChanged
After Test Method Called (P\Tests\Feature\AssessmentResultsTest::tearDown)
After Test Method Finished:
- P\Tests\Feature\AssessmentResultsTest::tearDown
Test Passed (P\Tests\Feature\AssessmentResultsTest::__pest_evaluable_score_register_loads_only_the_assessment_historical_roster_and_existing_scores)
Test Finished (P\Tests\Feature\AssessmentResultsTest::__pest_evaluable_score_register_loads_only_the_assessment_historical_roster_and_existing_scores)
Test Preparation Started (P\Tests\Feature\AssessmentResultsTest::__pest_evaluable_scores_save_in_bulk_update_without_duplication_and_preserve_zero_and_missing)
Before Test Method Called (P\Tests\Feature\AssessmentResultsTest::setUp)
Before Test Method Finished:
- P\Tests\Feature\AssessmentResultsTest::setUp
Test Prepared (P\Tests\Feature\AssessmentResultsTest::__pest_evaluable_scores_save_in_bulk_update_without_duplication_and_preserve_zero_and_missing)
Post Condition Method Called (P\Tests\Feature\AssessmentResultsTest::__MarkTestIncompleteIfSnapshotHaveChanged)
Post Condition Method Finished:
- P\Tests\Feature\AssessmentResultsTest::__MarkTestIncompleteIfSnapshotHaveChanged
After Test Method Called (P\Tests\Feature\AssessmentResultsTest::tearDown)
After Test Method Finished:
- P\Tests\Feature\AssessmentResultsTest::tearDown
Test Passed (P\Tests\Feature\AssessmentResultsTest::__pest_evaluable_scores_save_in_bulk_update_without_duplication_and_preserve_zero_and_missing)
Test Finished (P\Tests\Feature\AssessmentResultsTest::__pest_evaluable_scores_save_in_bulk_update_without_duplication_and_preserve_zero_and_missing)
Test Preparation Started (P\Tests\Feature\AssessmentResultsTest::__pest_evaluable_clearing_an_existing_score_keeps_an_explicit_missing_record_without_converting_it_to_zero)
Before Test Method Called (P\Tests\Feature\AssessmentResultsTest::setUp)
Before Test Method Finished:
- P\Tests\Feature\AssessmentResultsTest::setUp
Test Prepared (P\Tests\Feature\AssessmentResultsTest::__pest_evaluable_clearing_an_existing_score_keeps_an_explicit_missing_record_without_converting_it_to_zero)
Post Condition Method Called (P\Tests\Feature\AssessmentResultsTest::__MarkTestIncompleteIfSnapshotHaveChanged)
Post Condition Method Finished:
- P\Tests\Feature\AssessmentResultsTest::__MarkTestIncompleteIfSnapshotHaveChanged
After Test Method Called (P\Tests\Feature\AssessmentResultsTest::tearDown)
After Test Method Finished:
- P\Tests\Feature\AssessmentResultsTest::tearDown
Test Passed (P\Tests\Feature\AssessmentResultsTest::__pest_evaluable_clearing_an_existing_score_keeps_an_explicit_missing_record_without_converting_it_to_zero)
Test Finished (P\Tests\Feature\AssessmentResultsTest::__pest_evaluable_clearing_an_existing_score_keeps_an_explicit_missing_record_without_converting_it_to_zero)
Test Suite Started (P\Tests\Feature\AssessmentResultsTest::__pest_evaluable_server_rejects_invalid_scores_and_enrollment_injection, 5 tests)
Test Preparation Started (P\Tests\Feature\AssessmentResultsTest::__pest_evaluable_server_rejects_invalid_scores_and_enrollment_injection#dataset "negative")
Before Test Method Called (P\Tests\Feature\AssessmentResultsTest::setUp)
Before Test Method Finished:
- P\Tests\Feature\AssessmentResultsTest::setUp
Test Prepared (P\Tests\Feature\AssessmentResultsTest::__pest_evaluable_server_rejects_invalid_scores_and_enrollment_injection#dataset "negative")
Post Condition Method Called (P\Tests\Feature\AssessmentResultsTest::__MarkTestIncompleteIfSnapshotHaveChanged)
Post Condition Method Finished:
- P\Tests\Feature\AssessmentResultsTest::__MarkTestIncompleteIfSnapshotHaveChanged
After Test Method Called (P\Tests\Feature\AssessmentResultsTest::tearDown)
After Test Method Finished:
- P\Tests\Feature\AssessmentResultsTest::tearDown
Test Passed (P\Tests\Feature\AssessmentResultsTest::__pest_evaluable_server_rejects_invalid_scores_and_enrollment_injection#dataset "negative")
Test Finished (P\Tests\Feature\AssessmentResultsTest::__pest_evaluable_server_rejects_invalid_scores_and_enrollment_injection#dataset "negative")
Test Preparation Started (P\Tests\Feature\AssessmentResultsTest::__pest_evaluable_server_rejects_invalid_scores_and_enrollment_injection#dataset "above maximum")
Before Test Method Called (P\Tests\Feature\AssessmentResultsTest::setUp)
Before Test Method Finished:
- P\Tests\Feature\AssessmentResultsTest::setUp
Test Prepared (P\Tests\Feature\AssessmentResultsTest::__pest_evaluable_server_rejects_invalid_scores_and_enrollment_injection#dataset "above maximum")
Post Condition Method Called (P\Tests\Feature\AssessmentResultsTest::__MarkTestIncompleteIfSnapshotHaveChanged)
Post Condition Method Finished:
- P\Tests\Feature\AssessmentResultsTest::__MarkTestIncompleteIfSnapshotHaveChanged
After Test Method Called (P\Tests\Feature\AssessmentResultsTest::tearDown)
After Test Method Finished:
- P\Tests\Feature\AssessmentResultsTest::tearDown
Test Passed (P\Tests\Feature\AssessmentResultsTest::__pest_evaluable_server_rejects_invalid_scores_and_enrollment_injection#dataset "above maximum")
Test Finished (P\Tests\Feature\AssessmentResultsTest::__pest_evaluable_server_rejects_invalid_scores_and_enrollment_injection#dataset "above maximum")
Test Preparation Started (P\Tests\Feature\AssessmentResultsTest::__pest_evaluable_server_rejects_invalid_scores_and_enrollment_injection#dataset "not numeric")
Before Test Method Called (P\Tests\Feature\AssessmentResultsTest::setUp)
Before Test Method Finished:
- P\Tests\Feature\AssessmentResultsTest::setUp
Test Prepared (P\Tests\Feature\AssessmentResultsTest::__pest_evaluable_server_rejects_invalid_scores_and_enrollment_injection#dataset "not numeric")
Post Condition Method Called (P\Tests\Feature\AssessmentResultsTest::__MarkTestIncompleteIfSnapshotHaveChanged)
Post Condition Method Finished:
- P\Tests\Feature\AssessmentResultsTest::__MarkTestIncompleteIfSnapshotHaveChanged
After Test Method Called (P\Tests\Feature\AssessmentResultsTest::tearDown)
After Test Method Finished:
- P\Tests\Feature\AssessmentResultsTest::tearDown
Test Passed (P\Tests\Feature\AssessmentResultsTest::__pest_evaluable_server_rejects_invalid_scores_and_enrollment_injection#dataset "not numeric")
Test Finished (P\Tests\Feature\AssessmentResultsTest::__pest_evaluable_server_rejects_invalid_scores_and_enrollment_injection#dataset "not numeric")
Test Preparation Started (P\Tests\Feature\AssessmentResultsTest::__pest_evaluable_server_rejects_invalid_scores_and_enrollment_injection#dataset "excess precision")
Before Test Method Called (P\Tests\Feature\AssessmentResultsTest::setUp)
Before Test Method Finished:
- P\Tests\Feature\AssessmentResultsTest::setUp
Test Prepared (P\Tests\Feature\AssessmentResultsTest::__pest_evaluable_server_rejects_invalid_scores_and_enrollment_injection#dataset "excess precision")
Post Condition Method Called (P\Tests\Feature\AssessmentResultsTest::__MarkTestIncompleteIfSnapshotHaveChanged)
Post Condition Method Finished:
- P\Tests\Feature\AssessmentResultsTest::__MarkTestIncompleteIfSnapshotHaveChanged
After Test Method Called (P\Tests\Feature\AssessmentResultsTest::tearDown)
After Test Method Finished:
- P\Tests\Feature\AssessmentResultsTest::tearDown
Test Passed (P\Tests\Feature\AssessmentResultsTest::__pest_evaluable_server_rejects_invalid_scores_and_enrollment_injection#dataset "excess precision")
Test Finished (P\Tests\Feature\AssessmentResultsTest::__pest_evaluable_server_rejects_invalid_scores_and_enrollment_injection#dataset "excess precision")
Test Preparation Started (P\Tests\Feature\AssessmentResultsTest::__pest_evaluable_server_rejects_invalid_scores_and_enrollment_injection#dataset "different class enrollment")
Before Test Method Called (P\Tests\Feature\AssessmentResultsTest::setUp)
Before Test Method Finished:
- P\Tests\Feature\AssessmentResultsTest::setUp
Test Prepared (P\Tests\Feature\AssessmentResultsTest::__pest_evaluable_server_rejects_invalid_scores_and_enrollment_injection#dataset "different class enrollment")
Post Condition Method Called (P\Tests\Feature\AssessmentResultsTest::__MarkTestIncompleteIfSnapshotHaveChanged)
Post Condition Method Finished:
- P\Tests\Feature\AssessmentResultsTest::__MarkTestIncompleteIfSnapshotHaveChanged
After Test Method Called (P\Tests\Feature\AssessmentResultsTest::tearDown)
After Test Method Finished:
- P\Tests\Feature\AssessmentResultsTest::tearDown
Test Passed (P\Tests\Feature\AssessmentResultsTest::__pest_evaluable_server_rejects_invalid_scores_and_enrollment_injection#dataset "different class enrollment")
Test Finished (P\Tests\Feature\AssessmentResultsTest::__pest_evaluable_server_rejects_invalid_scores_and_enrollment_injection#dataset "different class enrollment")
Test Suite Finished (P\Tests\Feature\AssessmentResultsTest::__pest_evaluable_server_rejects_invalid_scores_and_enrollment_injection, 5 tests)
Test Preparation Started (P\Tests\Feature\AssessmentResultsTest::__pest_evaluable_teacher_assignment_is_rechecked_when_scores_are_saved)
Before Test Method Called (P\Tests\Feature\AssessmentResultsTest::setUp)
Before Test Method Finished:
- P\Tests\Feature\AssessmentResultsTest::setUp
Test Prepared (P\Tests\Feature\AssessmentResultsTest::__pest_evaluable_teacher_assignment_is_rechecked_when_scores_are_saved)
Post Condition Method Called (P\Tests\Feature\AssessmentResultsTest::__MarkTestIncompleteIfSnapshotHaveChanged)
Post Condition Method Finished:
- P\Tests\Feature\AssessmentResultsTest::__MarkTestIncompleteIfSnapshotHaveChanged
After Test Method Called (P\Tests\Feature\AssessmentResultsTest::tearDown)
After Test Method Finished:
- P\Tests\Feature\AssessmentResultsTest::tearDown
Test Passed (P\Tests\Feature\AssessmentResultsTest::__pest_evaluable_teacher_assignment_is_rechecked_when_scores_are_saved)
Test Finished (P\Tests\Feature\AssessmentResultsTest::__pest_evaluable_teacher_assignment_is_rechecked_when_scores_are_saved)
Test Preparation Started (P\Tests\Feature\AssessmentResultsTest::__pest_evaluable_database_prevents_duplicate_assessment_and_enrollment_score_pairs)
Before Test Method Called (P\Tests\Feature\AssessmentResultsTest::setUp)
Before Test Method Finished:
- P\Tests\Feature\AssessmentResultsTest::setUp
Test Prepared (P\Tests\Feature\AssessmentResultsTest::__pest_evaluable_database_prevents_duplicate_assessment_and_enrollment_score_pairs)
Post Condition Method Called (P\Tests\Feature\AssessmentResultsTest::__MarkTestIncompleteIfSnapshotHaveChanged)
Post Condition Method Finished:
- P\Tests\Feature\AssessmentResultsTest::__MarkTestIncompleteIfSnapshotHaveChanged
After Test Method Called (P\Tests\Feature\AssessmentResultsTest::tearDown)
After Test Method Finished:
- P\Tests\Feature\AssessmentResultsTest::tearDown
Test Passed (P\Tests\Feature\AssessmentResultsTest::__pest_evaluable_database_prevents_duplicate_assessment_and_enrollment_score_pairs)
Test Finished (P\Tests\Feature\AssessmentResultsTest::__pest_evaluable_database_prevents_duplicate_assessment_and_enrollment_score_pairs)
Test Preparation Started (P\Tests\Feature\AssessmentResultsTest::__pest_evaluable_subject_results_separate_terms_years_and_subjects_and_report_incomplete_scores)
Before Test Method Called (P\Tests\Feature\AssessmentResultsTest::setUp)
Before Test Method Finished:
- P\Tests\Feature\AssessmentResultsTest::setUp
Test Prepared (P\Tests\Feature\AssessmentResultsTest::__pest_evaluable_subject_results_separate_terms_years_and_subjects_and_report_incomplete_scores)
Post Condition Method Called (P\Tests\Feature\AssessmentResultsTest::__MarkTestIncompleteIfSnapshotHaveChanged)
Post Condition Method Finished:
- P\Tests\Feature\AssessmentResultsTest::__MarkTestIncompleteIfSnapshotHaveChanged
After Test Method Called (P\Tests\Feature\AssessmentResultsTest::tearDown)
After Test Method Finished:
- P\Tests\Feature\AssessmentResultsTest::tearDown
Test Passed (P\Tests\Feature\AssessmentResultsTest::__pest_evaluable_subject_results_separate_terms_years_and_subjects_and_report_incomplete_scores)
Test Finished (P\Tests\Feature\AssessmentResultsTest::__pest_evaluable_subject_results_separate_terms_years_and_subjects_and_report_incomplete_scores)
Test Preparation Started (P\Tests\Feature\AssessmentResultsTest::__pest_evaluable_complete_subject_and_class_percentages_use_assessment_maximum_totals)
Before Test Method Called (P\Tests\Feature\AssessmentResultsTest::setUp)
Before Test Method Finished:
- P\Tests\Feature\AssessmentResultsTest::setUp
Test Prepared (P\Tests\Feature\AssessmentResultsTest::__pest_evaluable_complete_subject_and_class_percentages_use_assessment_maximum_totals)
Post Condition Method Called (P\Tests\Feature\AssessmentResultsTest::__MarkTestIncompleteIfSnapshotHaveChanged)
Post Condition Method Finished:
- P\Tests\Feature\AssessmentResultsTest::__MarkTestIncompleteIfSnapshotHaveChanged
After Test Method Called (P\Tests\Feature\AssessmentResultsTest::tearDown)
After Test Method Finished:
- P\Tests\Feature\AssessmentResultsTest::tearDown
Test Passed (P\Tests\Feature\AssessmentResultsTest::__pest_evaluable_complete_subject_and_class_percentages_use_assessment_maximum_totals)
Test Finished (P\Tests\Feature\AssessmentResultsTest::__pest_evaluable_complete_subject_and_class_percentages_use_assessment_maximum_totals)
Test Preparation Started (P\Tests\Feature\AssessmentResultsTest::__pest_evaluable_historical_results_remain_attached_to_the_original_enrollment_after_promotion)
Before Test Method Called (P\Tests\Feature\AssessmentResultsTest::setUp)
Before Test Method Finished:
- P\Tests\Feature\AssessmentResultsTest::setUp
Test Prepared (P\Tests\Feature\AssessmentResultsTest::__pest_evaluable_historical_results_remain_attached_to_the_original_enrollment_after_promotion)
Post Condition Method Called (P\Tests\Feature\AssessmentResultsTest::__MarkTestIncompleteIfSnapshotHaveChanged)
Post Condition Method Finished:
- P\Tests\Feature\AssessmentResultsTest::__MarkTestIncompleteIfSnapshotHaveChanged
After Test Method Called (P\Tests\Feature\AssessmentResultsTest::tearDown)
After Test Method Finished:
- P\Tests\Feature\AssessmentResultsTest::tearDown
Test Passed (P\Tests\Feature\AssessmentResultsTest::__pest_evaluable_historical_results_remain_attached_to_the_original_enrollment_after_promotion)
Test Finished (P\Tests\Feature\AssessmentResultsTest::__pest_evaluable_historical_results_remain_attached_to_the_original_enrollment_after_promotion)
Test Preparation Started (P\Tests\Feature\AssessmentResultsTest::__pest_evaluable_historical_enrollments_remain_visible_when_their_results_have_no_scores)
Before Test Method Called (P\Tests\Feature\AssessmentResultsTest::setUp)
Before Test Method Finished:
- P\Tests\Feature\AssessmentResultsTest::setUp
Test Prepared (P\Tests\Feature\AssessmentResultsTest::__pest_evaluable_historical_enrollments_remain_visible_when_their_results_have_no_scores)
Post Condition Method Called (P\Tests\Feature\AssessmentResultsTest::__MarkTestIncompleteIfSnapshotHaveChanged)
Post Condition Method Finished:
- P\Tests\Feature\AssessmentResultsTest::__MarkTestIncompleteIfSnapshotHaveChanged
After Test Method Called (P\Tests\Feature\AssessmentResultsTest::tearDown)
After Test Method Finished:
- P\Tests\Feature\AssessmentResultsTest::tearDown
Test Passed (P\Tests\Feature\AssessmentResultsTest::__pest_evaluable_historical_enrollments_remain_visible_when_their_results_have_no_scores)
Test Finished (P\Tests\Feature\AssessmentResultsTest::__pest_evaluable_historical_enrollments_remain_visible_when_their_results_have_no_scores)
Test Preparation Started (P\Tests\Feature\AssessmentResultsTest::__pest_evaluable_class_and_individual_result_filters_use_the_selected_historical_enrollment)
Before Test Method Called (P\Tests\Feature\AssessmentResultsTest::setUp)
Before Test Method Finished:
- P\Tests\Feature\AssessmentResultsTest::setUp
Test Prepared (P\Tests\Feature\AssessmentResultsTest::__pest_evaluable_class_and_individual_result_filters_use_the_selected_historical_enrollment)
Post Condition Method Called (P\Tests\Feature\AssessmentResultsTest::__MarkTestIncompleteIfSnapshotHaveChanged)
Post Condition Method Finished:
- P\Tests\Feature\AssessmentResultsTest::__MarkTestIncompleteIfSnapshotHaveChanged
After Test Method Called (P\Tests\Feature\AssessmentResultsTest::tearDown)
After Test Method Finished:
- P\Tests\Feature\AssessmentResultsTest::tearDown
Test Passed (P\Tests\Feature\AssessmentResultsTest::__pest_evaluable_class_and_individual_result_filters_use_the_selected_historical_enrollment)
Test Finished (P\Tests\Feature\AssessmentResultsTest::__pest_evaluable_class_and_individual_result_filters_use_the_selected_historical_enrollment)
Test Preparation Started (P\Tests\Feature\AssessmentResultsTest::__pest_evaluable_bulk_score_persistence_uses_bounded_queries_and_one_upsert)
Before Test Method Called (P\Tests\Feature\AssessmentResultsTest::setUp)
Before Test Method Finished:
- P\Tests\Feature\AssessmentResultsTest::setUp
Test Prepared (P\Tests\Feature\AssessmentResultsTest::__pest_evaluable_bulk_score_persistence_uses_bounded_queries_and_one_upsert)
Test Failed (P\Tests\Feature\AssessmentResultsTest::__pest_evaluable_bulk_score_persistence_uses_bounded_queries_and_one_upsert)
Failed asserting that 0 is identical to 1.
After Test Method Called (P\Tests\Feature\AssessmentResultsTest::tearDown)
After Test Method Finished:
- P\Tests\Feature\AssessmentResultsTest::tearDown
Test Finished (P\Tests\Feature\AssessmentResultsTest::__pest_evaluable_bulk_score_persistence_uses_bounded_queries_and_one_upsert)
Test Preparation Started (P\Tests\Feature\AssessmentResultsTest::__pest_evaluable_score_roster_and_class_results_avoid_per_student_queries)
Before Test Method Called (P\Tests\Feature\AssessmentResultsTest::setUp)
Before Test Method Finished:
- P\Tests\Feature\AssessmentResultsTest::setUp
Test Prepared (P\Tests\Feature\AssessmentResultsTest::__pest_evaluable_score_roster_and_class_results_avoid_per_student_queries)
Post Condition Method Called (P\Tests\Feature\AssessmentResultsTest::__MarkTestIncompleteIfSnapshotHaveChanged)
Post Condition Method Finished:
- P\Tests\Feature\AssessmentResultsTest::__MarkTestIncompleteIfSnapshotHaveChanged
After Test Method Called (P\Tests\Feature\AssessmentResultsTest::tearDown)
After Test Method Finished:
- P\Tests\Feature\AssessmentResultsTest::tearDown
Test Passed (P\Tests\Feature\AssessmentResultsTest::__pest_evaluable_score_roster_and_class_results_avoid_per_student_queries)
Test Finished (P\Tests\Feature\AssessmentResultsTest::__pest_evaluable_score_roster_and_class_results_avoid_per_student_queries)
After Last Test Method Called (P\Tests\Feature\AssessmentResultsTest::tearDownAfterClass)
After Last Test Method Finished:
- P\Tests\Feature\AssessmentResultsTest::tearDownAfterClass
Test Suite Finished (P\Tests\Feature\AssessmentResultsTest, 17 tests)
Test Suite Started (P\Tests\Feature\AttendanceManagementTest, 43 tests)
Before First Test Method Called (P\Tests\Feature\AttendanceManagementTest::setUpBeforeClass)
Before First Test Method Finished:
- P\Tests\Feature\AttendanceManagementTest::setUpBeforeClass
Test Preparation Started (P\Tests\Feature\AttendanceManagementTest::__pest_evaluable_attendance_routes_require_authentication_and_view_permission)
Before Test Method Called (P\Tests\Feature\AttendanceManagementTest::setUp)
Before Test Method Finished:
- P\Tests\Feature\AttendanceManagementTest::setUp
Test Prepared (P\Tests\Feature\AttendanceManagementTest::__pest_evaluable_attendance_routes_require_authentication_and_view_permission)
Post Condition Method Called (P\Tests\Feature\AttendanceManagementTest::__MarkTestIncompleteIfSnapshotHaveChanged)
Post Condition Method Finished:
- P\Tests\Feature\AttendanceManagementTest::__MarkTestIncompleteIfSnapshotHaveChanged
After Test Method Called (P\Tests\Feature\AttendanceManagementTest::tearDown)
After Test Method Finished:
- P\Tests\Feature\AttendanceManagementTest::tearDown
Test Passed (P\Tests\Feature\AttendanceManagementTest::__pest_evaluable_attendance_routes_require_authentication_and_view_permission)
Test Finished (P\Tests\Feature\AttendanceManagementTest::__pest_evaluable_attendance_routes_require_authentication_and_view_permission)
Test Suite Started (P\Tests\Feature\AttendanceManagementTest::__pest_evaluable_attendance_policy_maps_recording_and_editing_to_separate_capabilities, 5 tests)
Test Preparation Started (P\Tests\Feature\AttendanceManagementTest::__pest_evaluable_attendance_policy_maps_recording_and_editing_to_separate_capabilities#dataset "none")
Before Test Method Called (P\Tests\Feature\AttendanceManagementTest::setUp)
Before Test Method Finished:
- P\Tests\Feature\AttendanceManagementTest::setUp
Test Prepared (P\Tests\Feature\AttendanceManagementTest::__pest_evaluable_attendance_policy_maps_recording_and_editing_to_separate_capabilities#dataset "none")
Post Condition Method Called (P\Tests\Feature\AttendanceManagementTest::__MarkTestIncompleteIfSnapshotHaveChanged)
Post Condition Method Finished:
- P\Tests\Feature\AttendanceManagementTest::__MarkTestIncompleteIfSnapshotHaveChanged
After Test Method Called (P\Tests\Feature\AttendanceManagementTest::tearDown)
After Test Method Finished:
- P\Tests\Feature\AttendanceManagementTest::tearDown
Test Passed (P\Tests\Feature\AttendanceManagementTest::__pest_evaluable_attendance_policy_maps_recording_and_editing_to_separate_capabilities#dataset "none")
Test Finished (P\Tests\Feature\AttendanceManagementTest::__pest_evaluable_attendance_policy_maps_recording_and_editing_to_separate_capabilities#dataset "none")
Test Preparation Started (P\Tests\Feature\AttendanceManagementTest::__pest_evaluable_attendance_policy_maps_recording_and_editing_to_separate_capabilities#dataset "viewer")
Before Test Method Called (P\Tests\Feature\AttendanceManagementTest::setUp)
Before Test Method Finished:
- P\Tests\Feature\AttendanceManagementTest::setUp
Test Prepared (P\Tests\Feature\AttendanceManagementTest::__pest_evaluable_attendance_policy_maps_recording_and_editing_to_separate_capabilities#dataset "viewer")
Post Condition Method Called (P\Tests\Feature\AttendanceManagementTest::__MarkTestIncompleteIfSnapshotHaveChanged)
Post Condition Method Finished:
- P\Tests\Feature\AttendanceManagementTest::__MarkTestIncompleteIfSnapshotHaveChanged
After Test Method Called (P\Tests\Feature\AttendanceManagementTest::tearDown)
After Test Method Finished:
- P\Tests\Feature\AttendanceManagementTest::tearDown
Test Passed (P\Tests\Feature\AttendanceManagementTest::__pest_evaluable_attendance_policy_maps_recording_and_editing_to_separate_capabilities#dataset "viewer")
Test Finished (P\Tests\Feature\AttendanceManagementTest::__pest_evaluable_attendance_policy_maps_recording_and_editing_to_separate_capabilities#dataset "viewer")
Test Preparation Started (P\Tests\Feature\AttendanceManagementTest::__pest_evaluable_attendance_policy_maps_recording_and_editing_to_separate_capabilities#dataset "recorder")
Before Test Method Called (P\Tests\Feature\AttendanceManagementTest::setUp)
Before Test Method Finished:
- P\Tests\Feature\AttendanceManagementTest::setUp
Test Prepared (P\Tests\Feature\AttendanceManagementTest::__pest_evaluable_attendance_policy_maps_recording_and_editing_to_separate_capabilities#dataset "recorder")
Post Condition Method Called (P\Tests\Feature\AttendanceManagementTest::__MarkTestIncompleteIfSnapshotHaveChanged)
Post Condition Method Finished:
- P\Tests\Feature\AttendanceManagementTest::__MarkTestIncompleteIfSnapshotHaveChanged
After Test Method Called (P\Tests\Feature\AttendanceManagementTest::tearDown)
After Test Method Finished:
- P\Tests\Feature\AttendanceManagementTest::tearDown
Test Passed (P\Tests\Feature\AttendanceManagementTest::__pest_evaluable_attendance_policy_maps_recording_and_editing_to_separate_capabilities#dataset "recorder")
Test Finished (P\Tests\Feature\AttendanceManagementTest::__pest_evaluable_attendance_policy_maps_recording_and_editing_to_separate_capabilities#dataset "recorder")
Test Preparation Started (P\Tests\Feature\AttendanceManagementTest::__pest_evaluable_attendance_policy_maps_recording_and_editing_to_separate_capabilities#dataset "editor")
Before Test Method Called (P\Tests\Feature\AttendanceManagementTest::setUp)
Before Test Method Finished:
- P\Tests\Feature\AttendanceManagementTest::setUp
Test Prepared (P\Tests\Feature\AttendanceManagementTest::__pest_evaluable_attendance_policy_maps_recording_and_editing_to_separate_capabilities#dataset "editor")
Post Condition Method Called (P\Tests\Feature\AttendanceManagementTest::__MarkTestIncompleteIfSnapshotHaveChanged)
Post Condition Method Finished:
- P\Tests\Feature\AttendanceManagementTest::__MarkTestIncompleteIfSnapshotHaveChanged
After Test Method Called (P\Tests\Feature\AttendanceManagementTest::tearDown)
After Test Method Finished:
- P\Tests\Feature\AttendanceManagementTest::tearDown
Test Passed (P\Tests\Feature\AttendanceManagementTest::__pest_evaluable_attendance_policy_maps_recording_and_editing_to_separate_capabilities#dataset "editor")
Test Finished (P\Tests\Feature\AttendanceManagementTest::__pest_evaluable_attendance_policy_maps_recording_and_editing_to_separate_capabilities#dataset "editor")
Test Preparation Started (P\Tests\Feature\AttendanceManagementTest::__pest_evaluable_attendance_policy_maps_recording_and_editing_to_separate_capabilities#dataset "record without view")
Before Test Method Called (P\Tests\Feature\AttendanceManagementTest::setUp)
Before Test Method Finished:
- P\Tests\Feature\AttendanceManagementTest::setUp
Test Prepared (P\Tests\Feature\AttendanceManagementTest::__pest_evaluable_attendance_policy_maps_recording_and_editing_to_separate_capabilities#dataset "record without view")
Post Condition Method Called (P\Tests\Feature\AttendanceManagementTest::__MarkTestIncompleteIfSnapshotHaveChanged)
Post Condition Method Finished:
- P\Tests\Feature\AttendanceManagementTest::__MarkTestIncompleteIfSnapshotHaveChanged
After Test Method Called (P\Tests\Feature\AttendanceManagementTest::tearDown)
After Test Method Finished:
- P\Tests\Feature\AttendanceManagementTest::tearDown
Test Passed (P\Tests\Feature\AttendanceManagementTest::__pest_evaluable_attendance_policy_maps_recording_and_editing_to_separate_capabilities#dataset "record without view")
Test Finished (P\Tests\Feature\AttendanceManagementTest::__pest_evaluable_attendance_policy_maps_recording_and_editing_to_separate_capabilities#dataset "record without view")
Test Suite Finished (P\Tests\Feature\AttendanceManagementTest::__pest_evaluable_attendance_policy_maps_recording_and_editing_to_separate_capabilities, 5 tests)
Test Preparation Started (P\Tests\Feature\AttendanceManagementTest::__pest_evaluable_class_roster_defaults_to_present_and_excludes_other_classes_years_and_future_enrollments)
Before Test Method Called (P\Tests\Feature\AttendanceManagementTest::setUp)
Before Test Method Finished:
- P\Tests\Feature\AttendanceManagementTest::setUp
Test Prepared (P\Tests\Feature\AttendanceManagementTest::__pest_evaluable_class_roster_defaults_to_present_and_excludes_other_classes_years_and_future_enrollments)
Post Condition Method Called (P\Tests\Feature\AttendanceManagementTest::__MarkTestIncompleteIfSnapshotHaveChanged)
Post Condition Method Finished:
- P\Tests\Feature\AttendanceManagementTest::__MarkTestIncompleteIfSnapshotHaveChanged
After Test Method Called (P\Tests\Feature\AttendanceManagementTest::tearDown)
After Test Method Finished:
- P\Tests\Feature\AttendanceManagementTest::tearDown
Test Passed (P\Tests\Feature\AttendanceManagementTest::__pest_evaluable_class_roster_defaults_to_present_and_excludes_other_classes_years_and_future_enrollments)
Test Finished (P\Tests\Feature\AttendanceManagementTest::__pest_evaluable_class_roster_defaults_to_present_and_excludes_other_classes_years_and_future_enrollments)
Test Preparation Started (P\Tests\Feature\AttendanceManagementTest::__pest_evaluable_class_attendance_saves_all_statuses_reloads_existing_values_and_remains_idempotent)
Before Test Method Called (P\Tests\Feature\AttendanceManagementTest::setUp)
Before Test Method Finished:
- P\Tests\Feature\AttendanceManagementTest::setUp
Test Prepared (P\Tests\Feature\AttendanceManagementTest::__pest_evaluable_class_attendance_saves_all_statuses_reloads_existing_values_and_remains_idempotent)
Post Condition Method Called (P\Tests\Feature\AttendanceManagementTest::__MarkTestIncompleteIfSnapshotHaveChanged)
Post Condition Method Finished:
- P\Tests\Feature\AttendanceManagementTest::__MarkTestIncompleteIfSnapshotHaveChanged
After Test Method Called (P\Tests\Feature\AttendanceManagementTest::tearDown)
After Test Method Finished:
- P\Tests\Feature\AttendanceManagementTest::tearDown
Test Passed (P\Tests\Feature\AttendanceManagementTest::__pest_evaluable_class_attendance_saves_all_statuses_reloads_existing_values_and_remains_idempotent)
Test Finished (P\Tests\Feature\AttendanceManagementTest::__pest_evaluable_class_attendance_saves_all_statuses_reloads_existing_values_and_remains_idempotent)
Test Preparation Started (P\Tests\Feature\AttendanceManagementTest::__pest_evaluable_recording_users_require_a_class_assignment_and_cannot_change_saved_attendance)
Before Test Method Called (P\Tests\Feature\AttendanceManagementTest::setUp)
Before Test Method Finished:
- P\Tests\Feature\AttendanceManagementTest::setUp
Test Prepared (P\Tests\Feature\AttendanceManagementTest::__pest_evaluable_recording_users_require_a_class_assignment_and_cannot_change_saved_attendance)
Post Condition Method Called (P\Tests\Feature\AttendanceManagementTest::__MarkTestIncompleteIfSnapshotHaveChanged)
Post Condition Method Finished:
- P\Tests\Feature\AttendanceManagementTest::__MarkTestIncompleteIfSnapshotHaveChanged
After Test Method Called (P\Tests\Feature\AttendanceManagementTest::tearDown)
After Test Method Finished:
- P\Tests\Feature\AttendanceManagementTest::tearDown
Test Passed (P\Tests\Feature\AttendanceManagementTest::__pest_evaluable_recording_users_require_a_class_assignment_and_cannot_change_saved_attendance)
Test Finished (P\Tests\Feature\AttendanceManagementTest::__pest_evaluable_recording_users_require_a_class_assignment_and_cannot_change_saved_attendance)
Test Preparation Started (P\Tests\Feature\AttendanceManagementTest::__pest_evaluable_edit_permission_allows_corrections_but_does_not_allow_creating_new_records)
Before Test Method Called (P\Tests\Feature\AttendanceManagementTest::setUp)
Before Test Method Finished:
- P\Tests\Feature\AttendanceManagementTest::setUp
Test Prepared (P\Tests\Feature\AttendanceManagementTest::__pest_evaluable_edit_permission_allows_corrections_but_does_not_allow_creating_new_records)
Post Condition Method Called (P\Tests\Feature\AttendanceManagementTest::__MarkTestIncompleteIfSnapshotHaveChanged)
Post Condition Method Finished:
- P\Tests\Feature\AttendanceManagementTest::__MarkTestIncompleteIfSnapshotHaveChanged
After Test Method Called (P\Tests\Feature\AttendanceManagementTest::tearDown)
After Test Method Finished:
- P\Tests\Feature\AttendanceManagementTest::tearDown
Test Passed (P\Tests\Feature\AttendanceManagementTest::__pest_evaluable_edit_permission_allows_corrections_but_does_not_allow_creating_new_records)
Test Finished (P\Tests\Feature\AttendanceManagementTest::__pest_evaluable_edit_permission_allows_corrections_but_does_not_allow_creating_new_records)
Test Suite Started (P\Tests\Feature\AttendanceManagementTest::__pest_evaluable_server_rejects_invalid_attendance_data_without_persisting_it, 11 tests)
Test Preparation Started (P\Tests\Feature\AttendanceManagementTest::__pest_evaluable_server_rejects_invalid_attendance_data_without_persisting_it#dataset "status")
Before Test Method Called (P\Tests\Feature\AttendanceManagementTest::setUp)
Before Test Method Finished:
- P\Tests\Feature\AttendanceManagementTest::setUp
Test Prepared (P\Tests\Feature\AttendanceManagementTest::__pest_evaluable_server_rejects_invalid_attendance_data_without_persisting_it#dataset "status")
Post Condition Method Called (P\Tests\Feature\AttendanceManagementTest::__MarkTestIncompleteIfSnapshotHaveChanged)
Post Condition Method Finished:
- P\Tests\Feature\AttendanceManagementTest::__MarkTestIncompleteIfSnapshotHaveChanged
After Test Method Called (P\Tests\Feature\AttendanceManagementTest::tearDown)
After Test Method Finished:
- P\Tests\Feature\AttendanceManagementTest::tearDown
Test Passed (P\Tests\Feature\AttendanceManagementTest::__pest_evaluable_server_rejects_invalid_attendance_data_without_persisting_it#dataset "status")
Test Finished (P\Tests\Feature\AttendanceManagementTest::__pest_evaluable_server_rejects_invalid_attendance_data_without_persisting_it#dataset "status")
Test Preparation Started (P\Tests\Feature\AttendanceManagementTest::__pest_evaluable_server_rejects_invalid_attendance_data_without_persisting_it#dataset "remark length")
Before Test Method Called (P\Tests\Feature\AttendanceManagementTest::setUp)
Before Test Method Finished:
- P\Tests\Feature\AttendanceManagementTest::setUp
Test Prepared (P\Tests\Feature\AttendanceManagementTest::__pest_evaluable_server_rejects_invalid_attendance_data_without_persisting_it#dataset "remark length")
Post Condition Method Called (P\Tests\Feature\AttendanceManagementTest::__MarkTestIncompleteIfSnapshotHaveChanged)
Post Condition Method Finished:
- P\Tests\Feature\AttendanceManagementTest::__MarkTestIncompleteIfSnapshotHaveChanged
After Test Method Called (P\Tests\Feature\AttendanceManagementTest::tearDown)
After Test Method Finished:
- P\Tests\Feature\AttendanceManagementTest::tearDown
Test Passed (P\Tests\Feature\AttendanceManagementTest::__pest_evaluable_server_rejects_invalid_attendance_data_without_persisting_it#dataset "remark length")
Test Finished (P\Tests\Feature\AttendanceManagementTest::__pest_evaluable_server_rejects_invalid_attendance_data_without_persisting_it#dataset "remark length")
Test Preparation Started (P\Tests\Feature\AttendanceManagementTest::__pest_evaluable_server_rejects_invalid_attendance_data_without_persisting_it#dataset "unknown enrollment")
Before Test Method Called (P\Tests\Feature\AttendanceManagementTest::setUp)
Before Test Method Finished:
- P\Tests\Feature\AttendanceManagementTest::setUp
Test Prepared (P\Tests\Feature\AttendanceManagementTest::__pest_evaluable_server_rejects_invalid_attendance_data_without_persisting_it#dataset "unknown enrollment")
Post Condition Method Called (P\Tests\Feature\AttendanceManagementTest::__MarkTestIncompleteIfSnapshotHaveChanged)
Post Condition Method Finished:
- P\Tests\Feature\AttendanceManagementTest::__MarkTestIncompleteIfSnapshotHaveChanged
After Test Method Called (P\Tests\Feature\AttendanceManagementTest::tearDown)
After Test Method Finished:
- P\Tests\Feature\AttendanceManagementTest::tearDown
Test Passed (P\Tests\Feature\AttendanceManagementTest::__pest_evaluable_server_rejects_invalid_attendance_data_without_persisting_it#dataset "unknown enrollment")
Test Finished (P\Tests\Feature\AttendanceManagementTest::__pest_evaluable_server_rejects_invalid_attendance_data_without_persisting_it#dataset "unknown enrollment")
Test Preparation Started (P\Tests\Feature\AttendanceManagementTest::__pest_evaluable_server_rejects_invalid_attendance_data_without_persisting_it#dataset "malformed enrollment")
Before Test Method Called (P\Tests\Feature\AttendanceManagementTest::setUp)
Before Test Method Finished:
- P\Tests\Feature\AttendanceManagementTest::setUp
Test Prepared (P\Tests\Feature\AttendanceManagementTest::__pest_evaluable_server_rejects_invalid_attendance_data_without_persisting_it#dataset "malformed enrollment")
Post Condition Method Called (P\Tests\Feature\AttendanceManagementTest::__MarkTestIncompleteIfSnapshotHaveChanged)
Post Condition Method Finished:
- P\Tests\Feature\AttendanceManagementTest::__MarkTestIncompleteIfSnapshotHaveChanged
After Test Method Called (P\Tests\Feature\AttendanceManagementTest::tearDown)
After Test Method Finished:
- P\Tests\Feature\AttendanceManagementTest::tearDown
Test Passed (P\Tests\Feature\AttendanceManagementTest::__pest_evaluable_server_rejects_invalid_attendance_data_without_persisting_it#dataset "malformed enrollment")
Test Finished (P\Tests\Feature\AttendanceManagementTest::__pest_evaluable_server_rejects_invalid_attendance_data_without_persisting_it#dataset "malformed enrollment")
Test Preparation Started (P\Tests\Feature\AttendanceManagementTest::__pest_evaluable_server_rejects_invalid_attendance_data_without_persisting_it#dataset "unknown year")
Before Test Method Called (P\Tests\Feature\AttendanceManagementTest::setUp)
Before Test Method Finished:
- P\Tests\Feature\AttendanceManagementTest::setUp
Test Prepared (P\Tests\Feature\AttendanceManagementTest::__pest_evaluable_server_rejects_invalid_attendance_data_without_persisting_it#dataset "unknown year")
Post Condition Method Called (P\Tests\Feature\AttendanceManagementTest::__MarkTestIncompleteIfSnapshotHaveChanged)
Post Condition Method Finished:
- P\Tests\Feature\AttendanceManagementTest::__MarkTestIncompleteIfSnapshotHaveChanged
After Test Method Called (P\Tests\Feature\AttendanceManagementTest::tearDown)
After Test Method Finished:
- P\Tests\Feature\AttendanceManagementTest::tearDown
Test Passed (P\Tests\Feature\AttendanceManagementTest::__pest_evaluable_server_rejects_invalid_attendance_data_without_persisting_it#dataset "unknown year")
Test Finished (P\Tests\Feature\AttendanceManagementTest::__pest_evaluable_server_rejects_invalid_attendance_data_without_persisting_it#dataset "unknown year")
Test Preparation Started (P\Tests\Feature\AttendanceManagementTest::__pest_evaluable_server_rejects_invalid_attendance_data_without_persisting_it#dataset "unknown term")
Before Test Method Called (P\Tests\Feature\AttendanceManagementTest::setUp)
Before Test Method Finished:
- P\Tests\Feature\AttendanceManagementTest::setUp
Test Prepared (P\Tests\Feature\AttendanceManagementTest::__pest_evaluable_server_rejects_invalid_attendance_data_without_persisting_it#dataset "unknown term")
Post Condition Method Called (P\Tests\Feature\AttendanceManagementTest::__MarkTestIncompleteIfSnapshotHaveChanged)
Post Condition Method Finished:
- P\Tests\Feature\AttendanceManagementTest::__MarkTestIncompleteIfSnapshotHaveChanged
After Test Method Called (P\Tests\Feature\AttendanceManagementTest::tearDown)
After Test Method Finished:
- P\Tests\Feature\AttendanceManagementTest::tearDown
Test Passed (P\Tests\Feature\AttendanceManagementTest::__pest_evaluable_server_rejects_invalid_attendance_data_without_persisting_it#dataset "unknown term")
Test Finished (P\Tests\Feature\AttendanceManagementTest::__pest_evaluable_server_rejects_invalid_attendance_data_without_persisting_it#dataset "unknown term")
Test Preparation Started (P\Tests\Feature\AttendanceManagementTest::__pest_evaluable_server_rejects_invalid_attendance_data_without_persisting_it#dataset "unknown class")
Before Test Method Called (P\Tests\Feature\AttendanceManagementTest::setUp)
Before Test Method Finished:
- P\Tests\Feature\AttendanceManagementTest::setUp
Test Prepared (P\Tests\Feature\AttendanceManagementTest::__pest_evaluable_server_rejects_invalid_attendance_data_without_persisting_it#dataset "unknown class")
Post Condition Method Called (P\Tests\Feature\AttendanceManagementTest::__MarkTestIncompleteIfSnapshotHaveChanged)
Post Condition Method Finished:
- P\Tests\Feature\AttendanceManagementTest::__MarkTestIncompleteIfSnapshotHaveChanged
After Test Method Called (P\Tests\Feature\AttendanceManagementTest::tearDown)
After Test Method Finished:
- P\Tests\Feature\AttendanceManagementTest::tearDown
Test Passed (P\Tests\Feature\AttendanceManagementTest::__pest_evaluable_server_rejects_invalid_attendance_data_without_persisting_it#dataset "unknown class")
Test Finished (P\Tests\Feature\AttendanceManagementTest::__pest_evaluable_server_rejects_invalid_attendance_data_without_persisting_it#dataset "unknown class")
Test Preparation Started (P\Tests\Feature\AttendanceManagementTest::__pest_evaluable_server_rejects_invalid_attendance_data_without_persisting_it#dataset "invalid date")
Before Test Method Called (P\Tests\Feature\AttendanceManagementTest::setUp)
Before Test Method Finished:
- P\Tests\Feature\AttendanceManagementTest::setUp
Test Prepared (P\Tests\Feature\AttendanceManagementTest::__pest_evaluable_server_rejects_invalid_attendance_data_without_persisting_it#dataset "invalid date")
Post Condition Method Called (P\Tests\Feature\AttendanceManagementTest::__MarkTestIncompleteIfSnapshotHaveChanged)
Post Condition Method Finished:
- P\Tests\Feature\AttendanceManagementTest::__MarkTestIncompleteIfSnapshotHaveChanged
After Test Method Called (P\Tests\Feature\AttendanceManagementTest::tearDown)
After Test Method Finished:
- P\Tests\Feature\AttendanceManagementTest::tearDown
Test Passed (P\Tests\Feature\AttendanceManagementTest::__pest_evaluable_server_rejects_invalid_attendance_data_without_persisting_it#dataset "invalid date")
Test Finished (P\Tests\Feature\AttendanceManagementTest::__pest_evaluable_server_rejects_invalid_attendance_data_without_persisting_it#dataset "invalid date")
Test Preparation Started (P\Tests\Feature\AttendanceManagementTest::__pest_evaluable_server_rejects_invalid_attendance_data_without_persisting_it#dataset "future date")
Before Test Method Called (P\Tests\Feature\AttendanceManagementTest::setUp)
Before Test Method Finished:
- P\Tests\Feature\AttendanceManagementTest::setUp
Test Prepared (P\Tests\Feature\AttendanceManagementTest::__pest_evaluable_server_rejects_invalid_attendance_data_without_persisting_it#dataset "future date")
Post Condition Method Called (P\Tests\Feature\AttendanceManagementTest::__MarkTestIncompleteIfSnapshotHaveChanged)
Post Condition Method Finished:
- P\Tests\Feature\AttendanceManagementTest::__MarkTestIncompleteIfSnapshotHaveChanged
After Test Method Called (P\Tests\Feature\AttendanceManagementTest::tearDown)
After Test Method Finished:
- P\Tests\Feature\AttendanceManagementTest::tearDown
Test Passed (P\Tests\Feature\AttendanceManagementTest::__pest_evaluable_server_rejects_invalid_attendance_data_without_persisting_it#dataset "future date")
Test Finished (P\Tests\Feature\AttendanceManagementTest::__pest_evaluable_server_rejects_invalid_attendance_data_without_persisting_it#dataset "future date")
Test Preparation Started (P\Tests\Feature\AttendanceManagementTest::__pest_evaluable_server_rejects_invalid_attendance_data_without_persisting_it#dataset "empty rows")
Before Test Method Called (P\Tests\Feature\AttendanceManagementTest::setUp)
Before Test Method Finished:
- P\Tests\Feature\AttendanceManagementTest::setUp
Test Prepared (P\Tests\Feature\AttendanceManagementTest::__pest_evaluable_server_rejects_invalid_attendance_data_without_persisting_it#dataset "empty rows")
Post Condition Method Called (P\Tests\Feature\AttendanceManagementTest::__MarkTestIncompleteIfSnapshotHaveChanged)
Post Condition Method Finished:
- P\Tests\Feature\AttendanceManagementTest::__MarkTestIncompleteIfSnapshotHaveChanged
After Test Method Called (P\Tests\Feature\AttendanceManagementTest::tearDown)
After Test Method Finished:
- P\Tests\Feature\AttendanceManagementTest::tearDown
Test Passed (P\Tests\Feature\AttendanceManagementTest::__pest_evaluable_server_rejects_invalid_attendance_data_without_persisting_it#dataset "empty rows")
Test Finished (P\Tests\Feature\AttendanceManagementTest::__pest_evaluable_server_rejects_invalid_attendance_data_without_persisting_it#dataset "empty rows")
Test Preparation Started (P\Tests\Feature\AttendanceManagementTest::__pest_evaluable_server_rejects_invalid_attendance_data_without_persisting_it#dataset "unexpected row key")
Before Test Method Called (P\Tests\Feature\AttendanceManagementTest::setUp)
Before Test Method Finished:
- P\Tests\Feature\AttendanceManagementTest::setUp
Test Prepared (P\Tests\Feature\AttendanceManagementTest::__pest_evaluable_server_rejects_invalid_attendance_data_without_persisting_it#dataset "unexpected row key")
Post Condition Method Called (P\Tests\Feature\AttendanceManagementTest::__MarkTestIncompleteIfSnapshotHaveChanged)
Post Condition Method Finished:
- P\Tests\Feature\AttendanceManagementTest::__MarkTestIncompleteIfSnapshotHaveChanged
After Test Method Called (P\Tests\Feature\AttendanceManagementTest::tearDown)
After Test Method Finished:
- P\Tests\Feature\AttendanceManagementTest::tearDown
Test Passed (P\Tests\Feature\AttendanceManagementTest::__pest_evaluable_server_rejects_invalid_attendance_data_without_persisting_it#dataset "unexpected row key")
Test Finished (P\Tests\Feature\AttendanceManagementTest::__pest_evaluable_server_rejects_invalid_attendance_data_without_persisting_it#dataset "unexpected row key")
Test Suite Finished (P\Tests\Feature\AttendanceManagementTest::__pest_evaluable_server_rejects_invalid_attendance_data_without_persisting_it, 11 tests)
Test Preparation Started (P\Tests\Feature\AttendanceManagementTest::__pest_evaluable_server_rejects_a_different_class_enrollment_and_a_term_from_another_year)
Before Test Method Called (P\Tests\Feature\AttendanceManagementTest::setUp)
Before Test Method Finished:
- P\Tests\Feature\AttendanceManagementTest::setUp
Test Prepared (P\Tests\Feature\AttendanceManagementTest::__pest_evaluable_server_rejects_a_different_class_enrollment_and_a_term_from_another_year)
Post Condition Method Called (P\Tests\Feature\AttendanceManagementTest::__MarkTestIncompleteIfSnapshotHaveChanged)
Post Condition Method Finished:
- P\Tests\Feature\AttendanceManagementTest::__MarkTestIncompleteIfSnapshotHaveChanged
After Test Method Called (P\Tests\Feature\AttendanceManagementTest::tearDown)
After Test Method Finished:
- P\Tests\Feature\AttendanceManagementTest::tearDown
Test Passed (P\Tests\Feature\AttendanceManagementTest::__pest_evaluable_server_rejects_a_different_class_enrollment_and_a_term_from_another_year)
Test Finished (P\Tests\Feature\AttendanceManagementTest::__pest_evaluable_server_rejects_a_different_class_enrollment_and_a_term_from_another_year)
Test Preparation Started (P\Tests\Feature\AttendanceManagementTest::__pest_evaluable_conflicting_terms_cannot_move_an_existing_attendance_record)
Before Test Method Called (P\Tests\Feature\AttendanceManagementTest::setUp)
Before Test Method Finished:
- P\Tests\Feature\AttendanceManagementTest::setUp
Test Prepared (P\Tests\Feature\AttendanceManagementTest::__pest_evaluable_conflicting_terms_cannot_move_an_existing_attendance_record)
Post Condition Method Called (P\Tests\Feature\AttendanceManagementTest::__MarkTestIncompleteIfSnapshotHaveChanged)
Post Condition Method Finished:
- P\Tests\Feature\AttendanceManagementTest::__MarkTestIncompleteIfSnapshotHaveChanged
After Test Method Called (P\Tests\Feature\AttendanceManagementTest::tearDown)
After Test Method Finished:
- P\Tests\Feature\AttendanceManagementTest::tearDown
Test Passed (P\Tests\Feature\AttendanceManagementTest::__pest_evaluable_conflicting_terms_cannot_move_an_existing_attendance_record)
Test Finished (P\Tests\Feature\AttendanceManagementTest::__pest_evaluable_conflicting_terms_cannot_move_an_existing_attendance_record)
Test Preparation Started (P\Tests\Feature\AttendanceManagementTest::__pest_evaluable_history_filters_by_student_admission_number_year_term_class_dates_and_status)
Before Test Method Called (P\Tests\Feature\AttendanceManagementTest::setUp)
Before Test Method Finished:
- P\Tests\Feature\AttendanceManagementTest::setUp
Test Prepared (P\Tests\Feature\AttendanceManagementTest::__pest_evaluable_history_filters_by_student_admission_number_year_term_class_dates_and_status)
Post Condition Method Called (P\Tests\Feature\AttendanceManagementTest::__MarkTestIncompleteIfSnapshotHaveChanged)
Post Condition Method Finished:
- P\Tests\Feature\AttendanceManagementTest::__MarkTestIncompleteIfSnapshotHaveChanged
After Test Method Called (P\Tests\Feature\AttendanceManagementTest::tearDown)
After Test Method Finished:
- P\Tests\Feature\AttendanceManagementTest::tearDown
Test Passed (P\Tests\Feature\AttendanceManagementTest::__pest_evaluable_history_filters_by_student_admission_number_year_term_class_dates_and_status)
Test Finished (P\Tests\Feature\AttendanceManagementTest::__pest_evaluable_history_filters_by_student_admission_number_year_term_class_dates_and_status)
Test Preparation Started (P\Tests\Feature\AttendanceManagementTest::__pest_evaluable_history_paginates_and_resets_its_page_when_filtering)
Before Test Method Called (P\Tests\Feature\AttendanceManagementTest::setUp)
Before Test Method Finished:
- P\Tests\Feature\AttendanceManagementTest::setUp
Test Prepared (P\Tests\Feature\AttendanceManagementTest::__pest_evaluable_history_paginates_and_resets_its_page_when_filtering)
Post Condition Method Called (P\Tests\Feature\AttendanceManagementTest::__MarkTestIncompleteIfSnapshotHaveChanged)
Post Condition Method Finished:
- P\Tests\Feature\AttendanceManagementTest::__MarkTestIncompleteIfSnapshotHaveChanged
After Test Method Called (P\Tests\Feature\AttendanceManagementTest::tearDown)
After Test Method Finished:
- P\Tests\Feature\AttendanceManagementTest::tearDown
Test Passed (P\Tests\Feature\AttendanceManagementTest::__pest_evaluable_history_paginates_and_resets_its_page_when_filtering)
Test Finished (P\Tests\Feature\AttendanceManagementTest::__pest_evaluable_history_paginates_and_resets_its_page_when_filtering)
Test Preparation Started (P\Tests\Feature\AttendanceManagementTest::__pest_evaluable_historical_attendance_remains_attached_to_the_original_enrollment_after_transfer)
Before Test Method Called (P\Tests\Feature\AttendanceManagementTest::setUp)
Before Test Method Finished:
- P\Tests\Feature\AttendanceManagementTest::setUp
Test Prepared (P\Tests\Feature\AttendanceManagementTest::__pest_evaluable_historical_attendance_remains_attached_to_the_original_enrollment_after_transfer)
Post Condition Method Called (P\Tests\Feature\AttendanceManagementTest::__MarkTestIncompleteIfSnapshotHaveChanged)
Post Condition Method Finished:
- P\Tests\Feature\AttendanceManagementTest::__MarkTestIncompleteIfSnapshotHaveChanged
After Test Method Called (P\Tests\Feature\AttendanceManagementTest::tearDown)
After Test Method Finished:
- P\Tests\Feature\AttendanceManagementTest::tearDown
Test Passed (P\Tests\Feature\AttendanceManagementTest::__pest_evaluable_historical_attendance_remains_attached_to_the_original_enrollment_after_transfer)
Test Finished (P\Tests\Feature\AttendanceManagementTest::__pest_evaluable_historical_attendance_remains_attached_to_the_original_enrollment_after_transfer)
Test Preparation Started (P\Tests\Feature\AttendanceManagementTest::__pest_evaluable_database_prevents_duplicate_enrollment_and_date_pairs)
Before Test Method Called (P\Tests\Feature\AttendanceManagementTest::setUp)
Before Test Method Finished:
- P\Tests\Feature\AttendanceManagementTest::setUp
Test Prepared (P\Tests\Feature\AttendanceManagementTest::__pest_evaluable_database_prevents_duplicate_enrollment_and_date_pairs)
Post Condition Method Called (P\Tests\Feature\AttendanceManagementTest::__MarkTestIncompleteIfSnapshotHaveChanged)
Post Condition Method Finished:
- P\Tests\Feature\AttendanceManagementTest::__MarkTestIncompleteIfSnapshotHaveChanged
After Test Method Called (P\Tests\Feature\AttendanceManagementTest::tearDown)
After Test Method Finished:
- P\Tests\Feature\AttendanceManagementTest::tearDown
Test Passed (P\Tests\Feature\AttendanceManagementTest::__pest_evaluable_database_prevents_duplicate_enrollment_and_date_pairs)
Test Finished (P\Tests\Feature\AttendanceManagementTest::__pest_evaluable_database_prevents_duplicate_enrollment_and_date_pairs)
Test Preparation Started (P\Tests\Feature\AttendanceManagementTest::__pest_evaluable_saving_a_large_class_uses_a_bounded_number_of_queries_and_one_bulk_write)
Before Test Method Called (P\Tests\Feature\AttendanceManagementTest::setUp)
Before Test Method Finished:
- P\Tests\Feature\AttendanceManagementTest::setUp
Test Prepared (P\Tests\Feature\AttendanceManagementTest::__pest_evaluable_saving_a_large_class_uses_a_bounded_number_of_queries_and_one_bulk_write)
Test Failed (P\Tests\Feature\AttendanceManagementTest::__pest_evaluable_saving_a_large_class_uses_a_bounded_number_of_queries_and_one_bulk_write)
Failed asserting that 0 is identical to 1.
After Test Method Called (P\Tests\Feature\AttendanceManagementTest::tearDown)
After Test Method Finished:
- P\Tests\Feature\AttendanceManagementTest::tearDown
Test Finished (P\Tests\Feature\AttendanceManagementTest::__pest_evaluable_saving_a_large_class_uses_a_bounded_number_of_queries_and_one_bulk_write)
Test Preparation Started (P\Tests\Feature\AttendanceManagementTest::__pest_evaluable_recording_users_cannot_view_history_outside_their_assigned_class_and_year)
Before Test Method Called (P\Tests\Feature\AttendanceManagementTest::setUp)
Before Test Method Finished:
- P\Tests\Feature\AttendanceManagementTest::setUp
Test Prepared (P\Tests\Feature\AttendanceManagementTest::__pest_evaluable_recording_users_cannot_view_history_outside_their_assigned_class_and_year)
Post Condition Method Called (P\Tests\Feature\AttendanceManagementTest::__MarkTestIncompleteIfSnapshotHaveChanged)
Post Condition Method Finished:
- P\Tests\Feature\AttendanceManagementTest::__MarkTestIncompleteIfSnapshotHaveChanged
After Test Method Called (P\Tests\Feature\AttendanceManagementTest::tearDown)
After Test Method Finished:
- P\Tests\Feature\AttendanceManagementTest::tearDown
Test Passed (P\Tests\Feature\AttendanceManagementTest::__pest_evaluable_recording_users_cannot_view_history_outside_their_assigned_class_and_year)
Test Finished (P\Tests\Feature\AttendanceManagementTest::__pest_evaluable_recording_users_cannot_view_history_outside_their_assigned_class_and_year)
Test Preparation Started (P\Tests\Feature\AttendanceManagementTest::__pest_evaluable_permission_migration_preserves_existing_role_and_direct_user_grants)
Before Test Method Called (P\Tests\Feature\AttendanceManagementTest::setUp)
Before Test Method Finished:
- P\Tests\Feature\AttendanceManagementTest::setUp
Test Prepared (P\Tests\Feature\AttendanceManagementTest::__pest_evaluable_permission_migration_preserves_existing_role_and_direct_user_grants)
Post Condition Method Called (P\Tests\Feature\AttendanceManagementTest::__MarkTestIncompleteIfSnapshotHaveChanged)
Post Condition Method Finished:
- P\Tests\Feature\AttendanceManagementTest::__MarkTestIncompleteIfSnapshotHaveChanged
After Test Method Called (P\Tests\Feature\AttendanceManagementTest::tearDown)
After Test Method Finished:
- P\Tests\Feature\AttendanceManagementTest::tearDown
Test Passed (P\Tests\Feature\AttendanceManagementTest::__pest_evaluable_permission_migration_preserves_existing_role_and_direct_user_grants)
Test Finished (P\Tests\Feature\AttendanceManagementTest::__pest_evaluable_permission_migration_preserves_existing_role_and_direct_user_grants)
Test Preparation Started (P\Tests\Feature\AttendanceManagementTest::__pest_evaluable_a_changed_roster_cannot_silently_save_a_partial_class)
Before Test Method Called (P\Tests\Feature\AttendanceManagementTest::setUp)
Before Test Method Finished:
- P\Tests\Feature\AttendanceManagementTest::setUp
Test Prepared (P\Tests\Feature\AttendanceManagementTest::__pest_evaluable_a_changed_roster_cannot_silently_save_a_partial_class)
Post Condition Method Called (P\Tests\Feature\AttendanceManagementTest::__MarkTestIncompleteIfSnapshotHaveChanged)
Post Condition Method Finished:
- P\Tests\Feature\AttendanceManagementTest::__MarkTestIncompleteIfSnapshotHaveChanged
After Test Method Called (P\Tests\Feature\AttendanceManagementTest::tearDown)
After Test Method Finished:
- P\Tests\Feature\AttendanceManagementTest::tearDown
Test Passed (P\Tests\Feature\AttendanceManagementTest::__pest_evaluable_a_changed_roster_cannot_silently_save_a_partial_class)
Test Finished (P\Tests\Feature\AttendanceManagementTest::__pest_evaluable_a_changed_roster_cannot_silently_save_a_partial_class)
Test Preparation Started (P\Tests\Feature\AttendanceManagementTest::__pest_evaluable_a_concurrent_recording_cannot_be_overwritten_by_a_recording_only_user)
Before Test Method Called (P\Tests\Feature\AttendanceManagementTest::setUp)
Before Test Method Finished:
- P\Tests\Feature\AttendanceManagementTest::setUp
Test Prepared (P\Tests\Feature\AttendanceManagementTest::__pest_evaluable_a_concurrent_recording_cannot_be_overwritten_by_a_recording_only_user)
Post Condition Method Called (P\Tests\Feature\AttendanceManagementTest::__MarkTestIncompleteIfSnapshotHaveChanged)
Post Condition Method Finished:
- P\Tests\Feature\AttendanceManagementTest::__MarkTestIncompleteIfSnapshotHaveChanged
After Test Method Called (P\Tests\Feature\AttendanceManagementTest::tearDown)
After Test Method Finished:
- P\Tests\Feature\AttendanceManagementTest::tearDown
Test Passed (P\Tests\Feature\AttendanceManagementTest::__pest_evaluable_a_concurrent_recording_cannot_be_overwritten_by_a_recording_only_user)
Test Finished (P\Tests\Feature\AttendanceManagementTest::__pest_evaluable_a_concurrent_recording_cannot_be_overwritten_by_a_recording_only_user)
Test Preparation Started (P\Tests\Feature\AttendanceManagementTest::__pest_evaluable_history_loads_relationships_without_per_student_queries)
Before Test Method Called (P\Tests\Feature\AttendanceManagementTest::setUp)
Before Test Method Finished:
- P\Tests\Feature\AttendanceManagementTest::setUp
Test Prepared (P\Tests\Feature\AttendanceManagementTest::__pest_evaluable_history_loads_relationships_without_per_student_queries)
Post Condition Method Called (P\Tests\Feature\AttendanceManagementTest::__MarkTestIncompleteIfSnapshotHaveChanged)
Post Condition Method Finished:
- P\Tests\Feature\AttendanceManagementTest::__MarkTestIncompleteIfSnapshotHaveChanged
After Test Method Called (P\Tests\Feature\AttendanceManagementTest::tearDown)
After Test Method Finished:
- P\Tests\Feature\AttendanceManagementTest::tearDown
Test Passed (P\Tests\Feature\AttendanceManagementTest::__pest_evaluable_history_loads_relationships_without_per_student_queries)
Test Finished (P\Tests\Feature\AttendanceManagementTest::__pest_evaluable_history_loads_relationships_without_per_student_queries)
Test Preparation Started (P\Tests\Feature\AttendanceManagementTest::__pest_evaluable_permission_migration_merges_grants_when_the_edit_permission_already_exists)
Before Test Method Called (P\Tests\Feature\AttendanceManagementTest::setUp)
Before Test Method Finished:
- P\Tests\Feature\AttendanceManagementTest::setUp
Test Prepared (P\Tests\Feature\AttendanceManagementTest::__pest_evaluable_permission_migration_merges_grants_when_the_edit_permission_already_exists)
Post Condition Method Called (P\Tests\Feature\AttendanceManagementTest::__MarkTestIncompleteIfSnapshotHaveChanged)
Post Condition Method Finished:
- P\Tests\Feature\AttendanceManagementTest::__MarkTestIncompleteIfSnapshotHaveChanged
After Test Method Called (P\Tests\Feature\AttendanceManagementTest::tearDown)
After Test Method Finished:
- P\Tests\Feature\AttendanceManagementTest::tearDown
Test Passed (P\Tests\Feature\AttendanceManagementTest::__pest_evaluable_permission_migration_merges_grants_when_the_edit_permission_already_exists)
Test Finished (P\Tests\Feature\AttendanceManagementTest::__pest_evaluable_permission_migration_merges_grants_when_the_edit_permission_already_exists)
Test Suite Started (P\Tests\Feature\AttendanceManagementTest::__pest_evaluable_each_history_filter_independently_excludes_nonmatching_attendance, 7 tests)
Test Preparation Started (P\Tests\Feature\AttendanceManagementTest::__pest_evaluable_each_history_filter_independently_excludes_nonmatching_attendance#dataset "year")
Before Test Method Called (P\Tests\Feature\AttendanceManagementTest::setUp)
Before Test Method Finished:
- P\Tests\Feature\AttendanceManagementTest::setUp
Test Prepared (P\Tests\Feature\AttendanceManagementTest::__pest_evaluable_each_history_filter_independently_excludes_nonmatching_attendance#dataset "year")
Post Condition Method Called (P\Tests\Feature\AttendanceManagementTest::__MarkTestIncompleteIfSnapshotHaveChanged)
Post Condition Method Finished:
- P\Tests\Feature\AttendanceManagementTest::__MarkTestIncompleteIfSnapshotHaveChanged
After Test Method Called (P\Tests\Feature\AttendanceManagementTest::tearDown)
After Test Method Finished:
- P\Tests\Feature\AttendanceManagementTest::tearDown
Test Passed (P\Tests\Feature\AttendanceManagementTest::__pest_evaluable_each_history_filter_independently_excludes_nonmatching_attendance#dataset "year")
Test Finished (P\Tests\Feature\AttendanceManagementTest::__pest_evaluable_each_history_filter_independently_excludes_nonmatching_attendance#dataset "year")
Test Preparation Started (P\Tests\Feature\AttendanceManagementTest::__pest_evaluable_each_history_filter_independently_excludes_nonmatching_attendance#dataset "term")
Before Test Method Called (P\Tests\Feature\AttendanceManagementTest::setUp)
Before Test Method Finished:
- P\Tests\Feature\AttendanceManagementTest::setUp
Test Prepared (P\Tests\Feature\AttendanceManagementTest::__pest_evaluable_each_history_filter_independently_excludes_nonmatching_attendance#dataset "term")
Post Condition Method Called (P\Tests\Feature\AttendanceManagementTest::__MarkTestIncompleteIfSnapshotHaveChanged)
Post Condition Method Finished:
- P\Tests\Feature\AttendanceManagementTest::__MarkTestIncompleteIfSnapshotHaveChanged
After Test Method Called (P\Tests\Feature\AttendanceManagementTest::tearDown)
After Test Method Finished:
- P\Tests\Feature\AttendanceManagementTest::tearDown
Test Passed (P\Tests\Feature\AttendanceManagementTest::__pest_evaluable_each_history_filter_independently_excludes_nonmatching_attendance#dataset "term")
Test Finished (P\Tests\Feature\AttendanceManagementTest::__pest_evaluable_each_history_filter_independently_excludes_nonmatching_attendance#dataset "term")
Test Preparation Started (P\Tests\Feature\AttendanceManagementTest::__pest_evaluable_each_history_filter_independently_excludes_nonmatching_attendance#dataset "class")
Before Test Method Called (P\Tests\Feature\AttendanceManagementTest::setUp)
Before Test Method Finished:
- P\Tests\Feature\AttendanceManagementTest::setUp
Test Prepared (P\Tests\Feature\AttendanceManagementTest::__pest_evaluable_each_history_filter_independently_excludes_nonmatching_attendance#dataset "class")
Post Condition Method Called (P\Tests\Feature\AttendanceManagementTest::__MarkTestIncompleteIfSnapshotHaveChanged)
Post Condition Method Finished:
- P\Tests\Feature\AttendanceManagementTest::__MarkTestIncompleteIfSnapshotHaveChanged
After Test Method Called (P\Tests\Feature\AttendanceManagementTest::tearDown)
After Test Method Finished:
- P\Tests\Feature\AttendanceManagementTest::tearDown
Test Passed (P\Tests\Feature\AttendanceManagementTest::__pest_evaluable_each_history_filter_independently_excludes_nonmatching_attendance#dataset "class")
Test Finished (P\Tests\Feature\AttendanceManagementTest::__pest_evaluable_each_history_filter_independently_excludes_nonmatching_attendance#dataset "class")
Test Preparation Started (P\Tests\Feature\AttendanceManagementTest::__pest_evaluable_each_history_filter_independently_excludes_nonmatching_attendance#dataset "student")
Before Test Method Called (P\Tests\Feature\AttendanceManagementTest::setUp)
Before Test Method Finished:
- P\Tests\Feature\AttendanceManagementTest::setUp
Test Prepared (P\Tests\Feature\AttendanceManagementTest::__pest_evaluable_each_history_filter_independently_excludes_nonmatching_attendance#dataset "student")
Post Condition Method Called (P\Tests\Feature\AttendanceManagementTest::__MarkTestIncompleteIfSnapshotHaveChanged)
Post Condition Method Finished:
- P\Tests\Feature\AttendanceManagementTest::__MarkTestIncompleteIfSnapshotHaveChanged
After Test Method Called (P\Tests\Feature\AttendanceManagementTest::tearDown)
After Test Method Finished:
- P\Tests\Feature\AttendanceManagementTest::tearDown
Test Passed (P\Tests\Feature\AttendanceManagementTest::__pest_evaluable_each_history_filter_independently_excludes_nonmatching_attendance#dataset "student")
Test Finished (P\Tests\Feature\AttendanceManagementTest::__pest_evaluable_each_history_filter_independently_excludes_nonmatching_attendance#dataset "student")
Test Preparation Started (P\Tests\Feature\AttendanceManagementTest::__pest_evaluable_each_history_filter_independently_excludes_nonmatching_attendance#dataset "from date")
Before Test Method Called (P\Tests\Feature\AttendanceManagementTest::setUp)
Before Test Method Finished:
- P\Tests\Feature\AttendanceManagementTest::setUp
Test Prepared (P\Tests\Feature\AttendanceManagementTest::__pest_evaluable_each_history_filter_independently_excludes_nonmatching_attendance#dataset "from date")
Post Condition Method Called (P\Tests\Feature\AttendanceManagementTest::__MarkTestIncompleteIfSnapshotHaveChanged)
Post Condition Method Finished:
- P\Tests\Feature\AttendanceManagementTest::__MarkTestIncompleteIfSnapshotHaveChanged
After Test Method Called (P\Tests\Feature\AttendanceManagementTest::tearDown)
After Test Method Finished:
- P\Tests\Feature\AttendanceManagementTest::tearDown
Test Passed (P\Tests\Feature\AttendanceManagementTest::__pest_evaluable_each_history_filter_independently_excludes_nonmatching_attendance#dataset "from date")
Test Finished (P\Tests\Feature\AttendanceManagementTest::__pest_evaluable_each_history_filter_independently_excludes_nonmatching_attendance#dataset "from date")
Test Preparation Started (P\Tests\Feature\AttendanceManagementTest::__pest_evaluable_each_history_filter_independently_excludes_nonmatching_attendance#dataset "to date")
Before Test Method Called (P\Tests\Feature\AttendanceManagementTest::setUp)
Before Test Method Finished:
- P\Tests\Feature\AttendanceManagementTest::setUp
Test Prepared (P\Tests\Feature\AttendanceManagementTest::__pest_evaluable_each_history_filter_independently_excludes_nonmatching_attendance#dataset "to date")
Post Condition Method Called (P\Tests\Feature\AttendanceManagementTest::__MarkTestIncompleteIfSnapshotHaveChanged)
Post Condition Method Finished:
- P\Tests\Feature\AttendanceManagementTest::__MarkTestIncompleteIfSnapshotHaveChanged
After Test Method Called (P\Tests\Feature\AttendanceManagementTest::tearDown)
After Test Method Finished:
- P\Tests\Feature\AttendanceManagementTest::tearDown
Test Passed (P\Tests\Feature\AttendanceManagementTest::__pest_evaluable_each_history_filter_independently_excludes_nonmatching_attendance#dataset "to date")
Test Finished (P\Tests\Feature\AttendanceManagementTest::__pest_evaluable_each_history_filter_independently_excludes_nonmatching_attendance#dataset "to date")
Test Preparation Started (P\Tests\Feature\AttendanceManagementTest::__pest_evaluable_each_history_filter_independently_excludes_nonmatching_attendance#dataset "status")
Before Test Method Called (P\Tests\Feature\AttendanceManagementTest::setUp)
Before Test Method Finished:
- P\Tests\Feature\AttendanceManagementTest::setUp
Test Prepared (P\Tests\Feature\AttendanceManagementTest::__pest_evaluable_each_history_filter_independently_excludes_nonmatching_attendance#dataset "status")
Post Condition Method Called (P\Tests\Feature\AttendanceManagementTest::__MarkTestIncompleteIfSnapshotHaveChanged)
Post Condition Method Finished:
- P\Tests\Feature\AttendanceManagementTest::__MarkTestIncompleteIfSnapshotHaveChanged
After Test Method Called (P\Tests\Feature\AttendanceManagementTest::tearDown)
After Test Method Finished:
- P\Tests\Feature\AttendanceManagementTest::tearDown
Test Passed (P\Tests\Feature\AttendanceManagementTest::__pest_evaluable_each_history_filter_independently_excludes_nonmatching_attendance#dataset "status")
Test Finished (P\Tests\Feature\AttendanceManagementTest::__pest_evaluable_each_history_filter_independently_excludes_nonmatching_attendance#dataset "status")
Test Suite Finished (P\Tests\Feature\AttendanceManagementTest::__pest_evaluable_each_history_filter_independently_excludes_nonmatching_attendance, 7 tests)
Test Preparation Started (P\Tests\Feature\AttendanceManagementTest::__pest_evaluable_removing_a_class_assignment_prevents_saving_an_already_loaded_roster)
Before Test Method Called (P\Tests\Feature\AttendanceManagementTest::setUp)
Before Test Method Finished:
- P\Tests\Feature\AttendanceManagementTest::setUp
Test Prepared (P\Tests\Feature\AttendanceManagementTest::__pest_evaluable_removing_a_class_assignment_prevents_saving_an_already_loaded_roster)
Post Condition Method Called (P\Tests\Feature\AttendanceManagementTest::__MarkTestIncompleteIfSnapshotHaveChanged)
Post Condition Method Finished:
- P\Tests\Feature\AttendanceManagementTest::__MarkTestIncompleteIfSnapshotHaveChanged
After Test Method Called (P\Tests\Feature\AttendanceManagementTest::tearDown)
After Test Method Finished:
- P\Tests\Feature\AttendanceManagementTest::tearDown
Test Passed (P\Tests\Feature\AttendanceManagementTest::__pest_evaluable_removing_a_class_assignment_prevents_saving_an_already_loaded_roster)
Test Finished (P\Tests\Feature\AttendanceManagementTest::__pest_evaluable_removing_a_class_assignment_prevents_saving_an_already_loaded_roster)
Test Preparation Started (P\Tests\Feature\AttendanceManagementTest::__pest_evaluable_loading_a_class_roster_batches_student_and_existing_attendance_queries)
Before Test Method Called (P\Tests\Feature\AttendanceManagementTest::setUp)
Before Test Method Finished:
- P\Tests\Feature\AttendanceManagementTest::setUp
Test Prepared (P\Tests\Feature\AttendanceManagementTest::__pest_evaluable_loading_a_class_roster_batches_student_and_existing_attendance_queries)
Test Failed (P\Tests\Feature\AttendanceManagementTest::__pest_evaluable_loading_a_class_roster_batches_student_and_existing_attendance_queries)
Failed asserting that 0 is identical to 1.
After Test Method Called (P\Tests\Feature\AttendanceManagementTest::tearDown)
After Test Method Finished:
- P\Tests\Feature\AttendanceManagementTest::tearDown
Test Finished (P\Tests\Feature\AttendanceManagementTest::__pest_evaluable_loading_a_class_roster_batches_student_and_existing_attendance_queries)
After Last Test Method Called (P\Tests\Feature\AttendanceManagementTest::tearDownAfterClass)
After Last Test Method Finished:
- P\Tests\Feature\AttendanceManagementTest::tearDownAfterClass
Test Suite Finished (P\Tests\Feature\AttendanceManagementTest, 43 tests)
Test Suite Started (P\Tests\Feature\Auth\AuthenticationTest, 10 tests)
Before First Test Method Called (P\Tests\Feature\Auth\AuthenticationTest::setUpBeforeClass)
Before First Test Method Finished:
- P\Tests\Feature\Auth\AuthenticationTest::setUpBeforeClass
Test Preparation Started (P\Tests\Feature\Auth\AuthenticationTest::__pest_evaluable_the_public_homepage_displays_the_username_login_form)
Before Test Method Called (P\Tests\Feature\Auth\AuthenticationTest::setUp)
Before Test Method Finished:
- P\Tests\Feature\Auth\AuthenticationTest::setUp
Test Prepared (P\Tests\Feature\Auth\AuthenticationTest::__pest_evaluable_the_public_homepage_displays_the_username_login_form)
Post Condition Method Called (P\Tests\Feature\Auth\AuthenticationTest::__MarkTestIncompleteIfSnapshotHaveChanged)
Post Condition Method Finished:
- P\Tests\Feature\Auth\AuthenticationTest::__MarkTestIncompleteIfSnapshotHaveChanged
After Test Method Called (P\Tests\Feature\Auth\AuthenticationTest::tearDown)
After Test Method Finished:
- P\Tests\Feature\Auth\AuthenticationTest::tearDown
Test Passed (P\Tests\Feature\Auth\AuthenticationTest::__pest_evaluable_the_public_homepage_displays_the_username_login_form)
Test Finished (P\Tests\Feature\Auth\AuthenticationTest::__pest_evaluable_the_public_homepage_displays_the_username_login_form)
Test Preparation Started (P\Tests\Feature\Auth\AuthenticationTest::__pest_evaluable_the_Fortify_login_route_uses_the_same_login_form)
Before Test Method Called (P\Tests\Feature\Auth\AuthenticationTest::setUp)
Before Test Method Finished:
- P\Tests\Feature\Auth\AuthenticationTest::setUp
Test Prepared (P\Tests\Feature\Auth\AuthenticationTest::__pest_evaluable_the_Fortify_login_route_uses_the_same_login_form)
Post Condition Method Called (P\Tests\Feature\Auth\AuthenticationTest::__MarkTestIncompleteIfSnapshotHaveChanged)
Post Condition Method Finished:
- P\Tests\Feature\Auth\AuthenticationTest::__MarkTestIncompleteIfSnapshotHaveChanged
After Test Method Called (P\Tests\Feature\Auth\AuthenticationTest::tearDown)
After Test Method Finished:
- P\Tests\Feature\Auth\AuthenticationTest::tearDown
Test Passed (P\Tests\Feature\Auth\AuthenticationTest::__pest_evaluable_the_Fortify_login_route_uses_the_same_login_form)
Test Finished (P\Tests\Feature\Auth\AuthenticationTest::__pest_evaluable_the_Fortify_login_route_uses_the_same_login_form)
Test Preparation Started (P\Tests\Feature\Auth\AuthenticationTest::__pest_evaluable_authenticated_users_visiting_the_homepage_are_redirected_to_the_dashboard)
Before Test Method Called (P\Tests\Feature\Auth\AuthenticationTest::setUp)
Before Test Method Finished:
- P\Tests\Feature\Auth\AuthenticationTest::setUp
Test Prepared (P\Tests\Feature\Auth\AuthenticationTest::__pest_evaluable_authenticated_users_visiting_the_homepage_are_redirected_to_the_dashboard)
Post Condition Method Called (P\Tests\Feature\Auth\AuthenticationTest::__MarkTestIncompleteIfSnapshotHaveChanged)
Post Condition Method Finished:
- P\Tests\Feature\Auth\AuthenticationTest::__MarkTestIncompleteIfSnapshotHaveChanged
After Test Method Called (P\Tests\Feature\Auth\AuthenticationTest::tearDown)
After Test Method Finished:
- P\Tests\Feature\Auth\AuthenticationTest::tearDown
Test Passed (P\Tests\Feature\Auth\AuthenticationTest::__pest_evaluable_authenticated_users_visiting_the_homepage_are_redirected_to_the_dashboard)
Test Finished (P\Tests\Feature\Auth\AuthenticationTest::__pest_evaluable_authenticated_users_visiting_the_homepage_are_redirected_to_the_dashboard)
Test Preparation Started (P\Tests\Feature\Auth\AuthenticationTest::__pest_evaluable_users_can_authenticate_with_a_normalized_username)
Before Test Method Called (P\Tests\Feature\Auth\AuthenticationTest::setUp)
Before Test Method Finished:
- P\Tests\Feature\Auth\AuthenticationTest::setUp
Test Prepared (P\Tests\Feature\Auth\AuthenticationTest::__pest_evaluable_users_can_authenticate_with_a_normalized_username)
Post Condition Method Called (P\Tests\Feature\Auth\AuthenticationTest::__MarkTestIncompleteIfSnapshotHaveChanged)
Post Condition Method Finished:
- P\Tests\Feature\Auth\AuthenticationTest::__MarkTestIncompleteIfSnapshotHaveChanged
After Test Method Called (P\Tests\Feature\Auth\AuthenticationTest::tearDown)
After Test Method Finished:
- P\Tests\Feature\Auth\AuthenticationTest::tearDown
Test Passed (P\Tests\Feature\Auth\AuthenticationTest::__pest_evaluable_users_can_authenticate_with_a_normalized_username)
Test Finished (P\Tests\Feature\Auth\AuthenticationTest::__pest_evaluable_users_can_authenticate_with_a_normalized_username)
Test Preparation Started (P\Tests\Feature\Auth\AuthenticationTest::__pest_evaluable_users_can_not_authenticate_with_invalid_password)
Before Test Method Called (P\Tests\Feature\Auth\AuthenticationTest::setUp)
Before Test Method Finished:
- P\Tests\Feature\Auth\AuthenticationTest::setUp
Test Prepared (P\Tests\Feature\Auth\AuthenticationTest::__pest_evaluable_users_can_not_authenticate_with_invalid_password)
Post Condition Method Called (P\Tests\Feature\Auth\AuthenticationTest::__MarkTestIncompleteIfSnapshotHaveChanged)
Post Condition Method Finished:
- P\Tests\Feature\Auth\AuthenticationTest::__MarkTestIncompleteIfSnapshotHaveChanged
After Test Method Called (P\Tests\Feature\Auth\AuthenticationTest::tearDown)
After Test Method Finished:
- P\Tests\Feature\Auth\AuthenticationTest::tearDown
Test Passed (P\Tests\Feature\Auth\AuthenticationTest::__pest_evaluable_users_can_not_authenticate_with_invalid_password)
Test Finished (P\Tests\Feature\Auth\AuthenticationTest::__pest_evaluable_users_can_not_authenticate_with_invalid_password)
Test Preparation Started (P\Tests\Feature\Auth\AuthenticationTest::__pest_evaluable_email_can_not_be_used_as_the_authentication_identifier)
Before Test Method Called (P\Tests\Feature\Auth\AuthenticationTest::setUp)
Before Test Method Finished:
- P\Tests\Feature\Auth\AuthenticationTest::setUp
Test Prepared (P\Tests\Feature\Auth\AuthenticationTest::__pest_evaluable_email_can_not_be_used_as_the_authentication_identifier)
Post Condition Method Called (P\Tests\Feature\Auth\AuthenticationTest::__MarkTestIncompleteIfSnapshotHaveChanged)
Post Condition Method Finished:
- P\Tests\Feature\Auth\AuthenticationTest::__MarkTestIncompleteIfSnapshotHaveChanged
After Test Method Called (P\Tests\Feature\Auth\AuthenticationTest::tearDown)
After Test Method Finished:
- P\Tests\Feature\Auth\AuthenticationTest::tearDown
Test Passed (P\Tests\Feature\Auth\AuthenticationTest::__pest_evaluable_email_can_not_be_used_as_the_authentication_identifier)
Test Finished (P\Tests\Feature\Auth\AuthenticationTest::__pest_evaluable_email_can_not_be_used_as_the_authentication_identifier)
Test Preparation Started (P\Tests\Feature\Auth\AuthenticationTest::__pest_evaluable_remember_me_queues_the_authentication_recaller_cookie)
Before Test Method Called (P\Tests\Feature\Auth\AuthenticationTest::setUp)
Before Test Method Finished:
- P\Tests\Feature\Auth\AuthenticationTest::setUp
Test Prepared (P\Tests\Feature\Auth\AuthenticationTest::__pest_evaluable_remember_me_queues_the_authentication_recaller_cookie)
Post Condition Method Called (P\Tests\Feature\Auth\AuthenticationTest::__MarkTestIncompleteIfSnapshotHaveChanged)
Post Condition Method Finished:
- P\Tests\Feature\Auth\AuthenticationTest::__MarkTestIncompleteIfSnapshotHaveChanged
After Test Method Called (P\Tests\Feature\Auth\AuthenticationTest::tearDown)
After Test Method Finished:
- P\Tests\Feature\Auth\AuthenticationTest::tearDown
Test Passed (P\Tests\Feature\Auth\AuthenticationTest::__pest_evaluable_remember_me_queues_the_authentication_recaller_cookie)
Test Finished (P\Tests\Feature\Auth\AuthenticationTest::__pest_evaluable_remember_me_queues_the_authentication_recaller_cookie)
Test Preparation Started (P\Tests\Feature\Auth\AuthenticationTest::__pest_evaluable_login_attempts_remain_rate_limited)
Before Test Method Called (P\Tests\Feature\Auth\AuthenticationTest::setUp)
Before Test Method Finished:
- P\Tests\Feature\Auth\AuthenticationTest::setUp
Test Prepared (P\Tests\Feature\Auth\AuthenticationTest::__pest_evaluable_login_attempts_remain_rate_limited)
Post Condition Method Called (P\Tests\Feature\Auth\AuthenticationTest::__MarkTestIncompleteIfSnapshotHaveChanged)
Post Condition Method Finished:
- P\Tests\Feature\Auth\AuthenticationTest::__MarkTestIncompleteIfSnapshotHaveChanged
After Test Method Called (P\Tests\Feature\Auth\AuthenticationTest::tearDown)
After Test Method Finished:
- P\Tests\Feature\Auth\AuthenticationTest::tearDown
Test Passed (P\Tests\Feature\Auth\AuthenticationTest::__pest_evaluable_login_attempts_remain_rate_limited)
Test Finished (P\Tests\Feature\Auth\AuthenticationTest::__pest_evaluable_login_attempts_remain_rate_limited)
Test Preparation Started (P\Tests\Feature\Auth\AuthenticationTest::__pest_evaluable_users_with_two_factor_enabled_are_redirected_to_two_factor_challenge)
Before Test Method Called (P\Tests\Feature\Auth\AuthenticationTest::setUp)
Before Test Method Finished:
- P\Tests\Feature\Auth\AuthenticationTest::setUp
Test Prepared (P\Tests\Feature\Auth\AuthenticationTest::__pest_evaluable_users_with_two_factor_enabled_are_redirected_to_two_factor_challenge)
Post Condition Method Called (P\Tests\Feature\Auth\AuthenticationTest::__MarkTestIncompleteIfSnapshotHaveChanged)
Post Condition Method Finished:
- P\Tests\Feature\Auth\AuthenticationTest::__MarkTestIncompleteIfSnapshotHaveChanged
After Test Method Called (P\Tests\Feature\Auth\AuthenticationTest::tearDown)
After Test Method Finished:
- P\Tests\Feature\Auth\AuthenticationTest::tearDown
Test Passed (P\Tests\Feature\Auth\AuthenticationTest::__pest_evaluable_users_with_two_factor_enabled_are_redirected_to_two_factor_challenge)
Test Finished (P\Tests\Feature\Auth\AuthenticationTest::__pest_evaluable_users_with_two_factor_enabled_are_redirected_to_two_factor_challenge)
Test Preparation Started (P\Tests\Feature\Auth\AuthenticationTest::__pest_evaluable_users_can_logout)
Before Test Method Called (P\Tests\Feature\Auth\AuthenticationTest::setUp)
Before Test Method Finished:
- P\Tests\Feature\Auth\AuthenticationTest::setUp
Test Prepared (P\Tests\Feature\Auth\AuthenticationTest::__pest_evaluable_users_can_logout)
Post Condition Method Called (P\Tests\Feature\Auth\AuthenticationTest::__MarkTestIncompleteIfSnapshotHaveChanged)
Post Condition Method Finished:
- P\Tests\Feature\Auth\AuthenticationTest::__MarkTestIncompleteIfSnapshotHaveChanged
After Test Method Called (P\Tests\Feature\Auth\AuthenticationTest::tearDown)
After Test Method Finished:
- P\Tests\Feature\Auth\AuthenticationTest::tearDown
Test Passed (P\Tests\Feature\Auth\AuthenticationTest::__pest_evaluable_users_can_logout)
Test Finished (P\Tests\Feature\Auth\AuthenticationTest::__pest_evaluable_users_can_logout)
After Last Test Method Called (P\Tests\Feature\Auth\AuthenticationTest::tearDownAfterClass)
After Last Test Method Finished:
- P\Tests\Feature\Auth\AuthenticationTest::tearDownAfterClass
Test Suite Finished (P\Tests\Feature\Auth\AuthenticationTest, 10 tests)
Test Suite Started (P\Tests\Feature\Auth\EmailVerificationTest, 4 tests)
Before First Test Method Called (P\Tests\Feature\Auth\EmailVerificationTest::setUpBeforeClass)
Before First Test Method Finished:
- P\Tests\Feature\Auth\EmailVerificationTest::setUpBeforeClass
Test Preparation Started (P\Tests\Feature\Auth\EmailVerificationTest::__pest_evaluable_email_verification_screen_can_be_rendered)
Before Test Method Called (P\Tests\Feature\Auth\EmailVerificationTest::setUp)
Before Test Method Finished:
- P\Tests\Feature\Auth\EmailVerificationTest::setUp
Test Prepared (P\Tests\Feature\Auth\EmailVerificationTest::__pest_evaluable_email_verification_screen_can_be_rendered)
Post Condition Method Called (P\Tests\Feature\Auth\EmailVerificationTest::__MarkTestIncompleteIfSnapshotHaveChanged)
Post Condition Method Finished:
- P\Tests\Feature\Auth\EmailVerificationTest::__MarkTestIncompleteIfSnapshotHaveChanged
After Test Method Called (P\Tests\Feature\Auth\EmailVerificationTest::tearDown)
After Test Method Finished:
- P\Tests\Feature\Auth\EmailVerificationTest::tearDown
Test Passed (P\Tests\Feature\Auth\EmailVerificationTest::__pest_evaluable_email_verification_screen_can_be_rendered)
Test Finished (P\Tests\Feature\Auth\EmailVerificationTest::__pest_evaluable_email_verification_screen_can_be_rendered)
Test Preparation Started (P\Tests\Feature\Auth\EmailVerificationTest::__pest_evaluable_email_can_be_verified)
Before Test Method Called (P\Tests\Feature\Auth\EmailVerificationTest::setUp)
Before Test Method Finished:
- P\Tests\Feature\Auth\EmailVerificationTest::setUp
Test Prepared (P\Tests\Feature\Auth\EmailVerificationTest::__pest_evaluable_email_can_be_verified)
Post Condition Method Called (P\Tests\Feature\Auth\EmailVerificationTest::__MarkTestIncompleteIfSnapshotHaveChanged)
Post Condition Method Finished:
- P\Tests\Feature\Auth\EmailVerificationTest::__MarkTestIncompleteIfSnapshotHaveChanged
After Test Method Called (P\Tests\Feature\Auth\EmailVerificationTest::tearDown)
After Test Method Finished:
- P\Tests\Feature\Auth\EmailVerificationTest::tearDown
Test Passed (P\Tests\Feature\Auth\EmailVerificationTest::__pest_evaluable_email_can_be_verified)
Test Finished (P\Tests\Feature\Auth\EmailVerificationTest::__pest_evaluable_email_can_be_verified)
Test Preparation Started (P\Tests\Feature\Auth\EmailVerificationTest::__pest_evaluable_email_is_not_verified_with_invalid_hash)
Before Test Method Called (P\Tests\Feature\Auth\EmailVerificationTest::setUp)
Before Test Method Finished:
- P\Tests\Feature\Auth\EmailVerificationTest::setUp
Test Prepared (P\Tests\Feature\Auth\EmailVerificationTest::__pest_evaluable_email_is_not_verified_with_invalid_hash)
Post Condition Method Called (P\Tests\Feature\Auth\EmailVerificationTest::__MarkTestIncompleteIfSnapshotHaveChanged)
Post Condition Method Finished:
- P\Tests\Feature\Auth\EmailVerificationTest::__MarkTestIncompleteIfSnapshotHaveChanged
After Test Method Called (P\Tests\Feature\Auth\EmailVerificationTest::tearDown)
After Test Method Finished:
- P\Tests\Feature\Auth\EmailVerificationTest::tearDown
Test Passed (P\Tests\Feature\Auth\EmailVerificationTest::__pest_evaluable_email_is_not_verified_with_invalid_hash)
Test Finished (P\Tests\Feature\Auth\EmailVerificationTest::__pest_evaluable_email_is_not_verified_with_invalid_hash)
Test Preparation Started (P\Tests\Feature\Auth\EmailVerificationTest::__pest_evaluable_already_verified_user_visiting_verification_link_is_redirected_without_firing_event_again)
Before Test Method Called (P\Tests\Feature\Auth\EmailVerificationTest::setUp)
Before Test Method Finished:
- P\Tests\Feature\Auth\EmailVerificationTest::setUp
Test Prepared (P\Tests\Feature\Auth\EmailVerificationTest::__pest_evaluable_already_verified_user_visiting_verification_link_is_redirected_without_firing_event_again)
Post Condition Method Called (P\Tests\Feature\Auth\EmailVerificationTest::__MarkTestIncompleteIfSnapshotHaveChanged)
Post Condition Method Finished:
- P\Tests\Feature\Auth\EmailVerificationTest::__MarkTestIncompleteIfSnapshotHaveChanged
After Test Method Called (P\Tests\Feature\Auth\EmailVerificationTest::tearDown)
After Test Method Finished:
- P\Tests\Feature\Auth\EmailVerificationTest::tearDown
Test Passed (P\Tests\Feature\Auth\EmailVerificationTest::__pest_evaluable_already_verified_user_visiting_verification_link_is_redirected_without_firing_event_again)
Test Finished (P\Tests\Feature\Auth\EmailVerificationTest::__pest_evaluable_already_verified_user_visiting_verification_link_is_redirected_without_firing_event_again)
After Last Test Method Called (P\Tests\Feature\Auth\EmailVerificationTest::tearDownAfterClass)
After Last Test Method Finished:
- P\Tests\Feature\Auth\EmailVerificationTest::tearDownAfterClass
Test Suite Finished (P\Tests\Feature\Auth\EmailVerificationTest, 4 tests)
Test Suite Started (P\Tests\Feature\Auth\PasswordConfirmationTest, 1 test)
Before First Test Method Called (P\Tests\Feature\Auth\PasswordConfirmationTest::setUpBeforeClass)
Before First Test Method Finished:
- P\Tests\Feature\Auth\PasswordConfirmationTest::setUpBeforeClass
Test Preparation Started (P\Tests\Feature\Auth\PasswordConfirmationTest::__pest_evaluable_confirm_password_screen_can_be_rendered)
Before Test Method Called (P\Tests\Feature\Auth\PasswordConfirmationTest::setUp)
Before Test Method Finished:
- P\Tests\Feature\Auth\PasswordConfirmationTest::setUp
Test Prepared (P\Tests\Feature\Auth\PasswordConfirmationTest::__pest_evaluable_confirm_password_screen_can_be_rendered)
Post Condition Method Called (P\Tests\Feature\Auth\PasswordConfirmationTest::__MarkTestIncompleteIfSnapshotHaveChanged)
Post Condition Method Finished:
- P\Tests\Feature\Auth\PasswordConfirmationTest::__MarkTestIncompleteIfSnapshotHaveChanged
After Test Method Called (P\Tests\Feature\Auth\PasswordConfirmationTest::tearDown)
After Test Method Finished:
- P\Tests\Feature\Auth\PasswordConfirmationTest::tearDown
Test Passed (P\Tests\Feature\Auth\PasswordConfirmationTest::__pest_evaluable_confirm_password_screen_can_be_rendered)
Test Finished (P\Tests\Feature\Auth\PasswordConfirmationTest::__pest_evaluable_confirm_password_screen_can_be_rendered)
After Last Test Method Called (P\Tests\Feature\Auth\PasswordConfirmationTest::tearDownAfterClass)
After Last Test Method Finished:
- P\Tests\Feature\Auth\PasswordConfirmationTest::tearDownAfterClass
Test Suite Finished (P\Tests\Feature\Auth\PasswordConfirmationTest, 1 test)
Test Suite Started (P\Tests\Feature\Auth\PasswordResetTest, 4 tests)
Before First Test Method Called (P\Tests\Feature\Auth\PasswordResetTest::setUpBeforeClass)
Before First Test Method Finished:
- P\Tests\Feature\Auth\PasswordResetTest::setUpBeforeClass
Test Preparation Started (P\Tests\Feature\Auth\PasswordResetTest::__pest_evaluable_reset_password_link_screen_can_be_rendered)
Before Test Method Called (P\Tests\Feature\Auth\PasswordResetTest::setUp)
Before Test Method Finished:
- P\Tests\Feature\Auth\PasswordResetTest::setUp
Test Prepared (P\Tests\Feature\Auth\PasswordResetTest::__pest_evaluable_reset_password_link_screen_can_be_rendered)
Post Condition Method Called (P\Tests\Feature\Auth\PasswordResetTest::__MarkTestIncompleteIfSnapshotHaveChanged)
Post Condition Method Finished:
- P\Tests\Feature\Auth\PasswordResetTest::__MarkTestIncompleteIfSnapshotHaveChanged
After Test Method Called (P\Tests\Feature\Auth\PasswordResetTest::tearDown)
After Test Method Finished:
- P\Tests\Feature\Auth\PasswordResetTest::tearDown
Test Passed (P\Tests\Feature\Auth\PasswordResetTest::__pest_evaluable_reset_password_link_screen_can_be_rendered)
Test Finished (P\Tests\Feature\Auth\PasswordResetTest::__pest_evaluable_reset_password_link_screen_can_be_rendered)
Test Preparation Started (P\Tests\Feature\Auth\PasswordResetTest::__pest_evaluable_reset_password_link_can_be_requested)
Before Test Method Called (P\Tests\Feature\Auth\PasswordResetTest::setUp)
Before Test Method Finished:
- P\Tests\Feature\Auth\PasswordResetTest::setUp
Test Prepared (P\Tests\Feature\Auth\PasswordResetTest::__pest_evaluable_reset_password_link_can_be_requested)
Post Condition Method Called (P\Tests\Feature\Auth\PasswordResetTest::__MarkTestIncompleteIfSnapshotHaveChanged)
Post Condition Method Finished:
- P\Tests\Feature\Auth\PasswordResetTest::__MarkTestIncompleteIfSnapshotHaveChanged
After Test Method Called (P\Tests\Feature\Auth\PasswordResetTest::tearDown)
After Test Method Finished:
- P\Tests\Feature\Auth\PasswordResetTest::tearDown
Test Passed (P\Tests\Feature\Auth\PasswordResetTest::__pest_evaluable_reset_password_link_can_be_requested)
Test Finished (P\Tests\Feature\Auth\PasswordResetTest::__pest_evaluable_reset_password_link_can_be_requested)
Test Preparation Started (P\Tests\Feature\Auth\PasswordResetTest::__pest_evaluable_reset_password_screen_can_be_rendered)
Before Test Method Called (P\Tests\Feature\Auth\PasswordResetTest::setUp)
Before Test Method Finished:
- P\Tests\Feature\Auth\PasswordResetTest::setUp
Test Prepared (P\Tests\Feature\Auth\PasswordResetTest::__pest_evaluable_reset_password_screen_can_be_rendered)
Post Condition Method Called (P\Tests\Feature\Auth\PasswordResetTest::__MarkTestIncompleteIfSnapshotHaveChanged)
Post Condition Method Finished:
- P\Tests\Feature\Auth\PasswordResetTest::__MarkTestIncompleteIfSnapshotHaveChanged
After Test Method Called (P\Tests\Feature\Auth\PasswordResetTest::tearDown)
After Test Method Finished:
- P\Tests\Feature\Auth\PasswordResetTest::tearDown
Test Passed (P\Tests\Feature\Auth\PasswordResetTest::__pest_evaluable_reset_password_screen_can_be_rendered)
Test Finished (P\Tests\Feature\Auth\PasswordResetTest::__pest_evaluable_reset_password_screen_can_be_rendered)
Test Preparation Started (P\Tests\Feature\Auth\PasswordResetTest::__pest_evaluable_password_can_be_reset_with_valid_token)
Before Test Method Called (P\Tests\Feature\Auth\PasswordResetTest::setUp)
Before Test Method Finished:
- P\Tests\Feature\Auth\PasswordResetTest::setUp
Test Prepared (P\Tests\Feature\Auth\PasswordResetTest::__pest_evaluable_password_can_be_reset_with_valid_token)
Post Condition Method Called (P\Tests\Feature\Auth\PasswordResetTest::__MarkTestIncompleteIfSnapshotHaveChanged)
Post Condition Method Finished:
- P\Tests\Feature\Auth\PasswordResetTest::__MarkTestIncompleteIfSnapshotHaveChanged
After Test Method Called (P\Tests\Feature\Auth\PasswordResetTest::tearDown)
After Test Method Finished:
- P\Tests\Feature\Auth\PasswordResetTest::tearDown
Test Passed (P\Tests\Feature\Auth\PasswordResetTest::__pest_evaluable_password_can_be_reset_with_valid_token)
Test Finished (P\Tests\Feature\Auth\PasswordResetTest::__pest_evaluable_password_can_be_reset_with_valid_token)
After Last Test Method Called (P\Tests\Feature\Auth\PasswordResetTest::tearDownAfterClass)
After Last Test Method Finished:
- P\Tests\Feature\Auth\PasswordResetTest::tearDownAfterClass
Test Suite Finished (P\Tests\Feature\Auth\PasswordResetTest, 4 tests)
Test Suite Started (P\Tests\Feature\Auth\RegistrationTest, 1 test)
Before First Test Method Called (P\Tests\Feature\Auth\RegistrationTest::setUpBeforeClass)
Before First Test Method Finished:
- P\Tests\Feature\Auth\RegistrationTest::setUpBeforeClass
Test Preparation Started (P\Tests\Feature\Auth\RegistrationTest::__pest_evaluable_public_registration_is_unavailable)
Before Test Method Called (P\Tests\Feature\Auth\RegistrationTest::setUp)
Before Test Method Finished:
- P\Tests\Feature\Auth\RegistrationTest::setUp
Test Prepared (P\Tests\Feature\Auth\RegistrationTest::__pest_evaluable_public_registration_is_unavailable)
Post Condition Method Called (P\Tests\Feature\Auth\RegistrationTest::__MarkTestIncompleteIfSnapshotHaveChanged)
Post Condition Method Finished:
- P\Tests\Feature\Auth\RegistrationTest::__MarkTestIncompleteIfSnapshotHaveChanged
After Test Method Called (P\Tests\Feature\Auth\RegistrationTest::tearDown)
After Test Method Finished:
- P\Tests\Feature\Auth\RegistrationTest::tearDown
Test Passed (P\Tests\Feature\Auth\RegistrationTest::__pest_evaluable_public_registration_is_unavailable)
Test Finished (P\Tests\Feature\Auth\RegistrationTest::__pest_evaluable_public_registration_is_unavailable)
After Last Test Method Called (P\Tests\Feature\Auth\RegistrationTest::tearDownAfterClass)
After Last Test Method Finished:
- P\Tests\Feature\Auth\RegistrationTest::tearDownAfterClass
Test Suite Finished (P\Tests\Feature\Auth\RegistrationTest, 1 test)
Test Suite Started (P\Tests\Feature\Auth\TwoFactorChallengeTest, 2 tests)
Before First Test Method Called (P\Tests\Feature\Auth\TwoFactorChallengeTest::setUpBeforeClass)
Before First Test Method Finished:
- P\Tests\Feature\Auth\TwoFactorChallengeTest::setUpBeforeClass
Test Preparation Started (P\Tests\Feature\Auth\TwoFactorChallengeTest::__pest_evaluable_two_factor_challenge_redirects_to_login_when_not_authenticated)
Before Test Method Called (P\Tests\Feature\Auth\TwoFactorChallengeTest::setUp)
Before Test Method Finished:
- P\Tests\Feature\Auth\TwoFactorChallengeTest::setUp
Test Prepared (P\Tests\Feature\Auth\TwoFactorChallengeTest::__pest_evaluable_two_factor_challenge_redirects_to_login_when_not_authenticated)
Post Condition Method Called (P\Tests\Feature\Auth\TwoFactorChallengeTest::__MarkTestIncompleteIfSnapshotHaveChanged)
Post Condition Method Finished:
- P\Tests\Feature\Auth\TwoFactorChallengeTest::__MarkTestIncompleteIfSnapshotHaveChanged
After Test Method Called (P\Tests\Feature\Auth\TwoFactorChallengeTest::tearDown)
After Test Method Finished:
- P\Tests\Feature\Auth\TwoFactorChallengeTest::tearDown
Test Passed (P\Tests\Feature\Auth\TwoFactorChallengeTest::__pest_evaluable_two_factor_challenge_redirects_to_login_when_not_authenticated)
Test Finished (P\Tests\Feature\Auth\TwoFactorChallengeTest::__pest_evaluable_two_factor_challenge_redirects_to_login_when_not_authenticated)
Test Preparation Started (P\Tests\Feature\Auth\TwoFactorChallengeTest::__pest_evaluable_two_factor_challenge_can_be_rendered)
Before Test Method Called (P\Tests\Feature\Auth\TwoFactorChallengeTest::setUp)
Before Test Method Finished:
- P\Tests\Feature\Auth\TwoFactorChallengeTest::setUp
Test Prepared (P\Tests\Feature\Auth\TwoFactorChallengeTest::__pest_evaluable_two_factor_challenge_can_be_rendered)
Post Condition Method Called (P\Tests\Feature\Auth\TwoFactorChallengeTest::__MarkTestIncompleteIfSnapshotHaveChanged)
Post Condition Method Finished:
- P\Tests\Feature\Auth\TwoFactorChallengeTest::__MarkTestIncompleteIfSnapshotHaveChanged
After Test Method Called (P\Tests\Feature\Auth\TwoFactorChallengeTest::tearDown)
After Test Method Finished:
- P\Tests\Feature\Auth\TwoFactorChallengeTest::tearDown
Test Passed (P\Tests\Feature\Auth\TwoFactorChallengeTest::__pest_evaluable_two_factor_challenge_can_be_rendered)
Test Finished (P\Tests\Feature\Auth\TwoFactorChallengeTest::__pest_evaluable_two_factor_challenge_can_be_rendered)
After Last Test Method Called (P\Tests\Feature\Auth\TwoFactorChallengeTest::tearDownAfterClass)
After Last Test Method Finished:
- P\Tests\Feature\Auth\TwoFactorChallengeTest::tearDownAfterClass
Test Suite Finished (P\Tests\Feature\Auth\TwoFactorChallengeTest, 2 tests)
Test Suite Started (P\Tests\Feature\Authorization\AuthorizationEnforcementTest, 4 tests)
Before First Test Method Called (P\Tests\Feature\Authorization\AuthorizationEnforcementTest::setUpBeforeClass)
Before First Test Method Finished:
- P\Tests\Feature\Authorization\AuthorizationEnforcementTest::setUpBeforeClass
Test Preparation Started (P\Tests\Feature\Authorization\AuthorizationEnforcementTest::__pest_evaluable_dashboard_access_is_forbidden_without_its_permission)
Before Test Method Called (P\Tests\Feature\Authorization\AuthorizationEnforcementTest::setUp)
Before Test Method Finished:
- P\Tests\Feature\Authorization\AuthorizationEnforcementTest::setUp
Test Prepared (P\Tests\Feature\Authorization\AuthorizationEnforcementTest::__pest_evaluable_dashboard_access_is_forbidden_without_its_permission)
Post Condition Method Called (P\Tests\Feature\Authorization\AuthorizationEnforcementTest::__MarkTestIncompleteIfSnapshotHaveChanged)
Post Condition Method Finished:
- P\Tests\Feature\Authorization\AuthorizationEnforcementTest::__MarkTestIncompleteIfSnapshotHaveChanged
After Test Method Called (P\Tests\Feature\Authorization\AuthorizationEnforcementTest::tearDown)
After Test Method Finished:
- P\Tests\Feature\Authorization\AuthorizationEnforcementTest::tearDown
Test Passed (P\Tests\Feature\Authorization\AuthorizationEnforcementTest::__pest_evaluable_dashboard_access_is_forbidden_without_its_permission)
Test Finished (P\Tests\Feature\Authorization\AuthorizationEnforcementTest::__pest_evaluable_dashboard_access_is_forbidden_without_its_permission)
Test Preparation Started (P\Tests\Feature\Authorization\AuthorizationEnforcementTest::__pest_evaluable_dashboard_access_is_granted_through_a_direct_permission)
Before Test Method Called (P\Tests\Feature\Authorization\AuthorizationEnforcementTest::setUp)
Before Test Method Finished:
- P\Tests\Feature\Authorization\AuthorizationEnforcementTest::setUp
Test Prepared (P\Tests\Feature\Authorization\AuthorizationEnforcementTest::__pest_evaluable_dashboard_access_is_granted_through_a_direct_permission)
Post Condition Method Called (P\Tests\Feature\Authorization\AuthorizationEnforcementTest::__MarkTestIncompleteIfSnapshotHaveChanged)
Post Condition Method Finished:
- P\Tests\Feature\Authorization\AuthorizationEnforcementTest::__MarkTestIncompleteIfSnapshotHaveChanged
After Test Method Called (P\Tests\Feature\Authorization\AuthorizationEnforcementTest::tearDown)
After Test Method Finished:
- P\Tests\Feature\Authorization\AuthorizationEnforcementTest::tearDown
Test Passed (P\Tests\Feature\Authorization\AuthorizationEnforcementTest::__pest_evaluable_dashboard_access_is_granted_through_a_direct_permission)
Test Finished (P\Tests\Feature\Authorization\AuthorizationEnforcementTest::__pest_evaluable_dashboard_access_is_granted_through_a_direct_permission)
Test Preparation Started (P\Tests\Feature\Authorization\AuthorizationEnforcementTest::__pest_evaluable_navigation_hides_authorization_links_the_user_cannot_access)
Before Test Method Called (P\Tests\Feature\Authorization\AuthorizationEnforcementTest::setUp)
Before Test Method Finished:
- P\Tests\Feature\Authorization\AuthorizationEnforcementTest::setUp
Test Prepared (P\Tests\Feature\Authorization\AuthorizationEnforcementTest::__pest_evaluable_navigation_hides_authorization_links_the_user_cannot_access)
Post Condition Method Called (P\Tests\Feature\Authorization\AuthorizationEnforcementTest::__MarkTestIncompleteIfSnapshotHaveChanged)
Post Condition Method Finished:
- P\Tests\Feature\Authorization\AuthorizationEnforcementTest::__MarkTestIncompleteIfSnapshotHaveChanged
After Test Method Called (P\Tests\Feature\Authorization\AuthorizationEnforcementTest::tearDown)
After Test Method Finished:
- P\Tests\Feature\Authorization\AuthorizationEnforcementTest::tearDown
Test Passed (P\Tests\Feature\Authorization\AuthorizationEnforcementTest::__pest_evaluable_navigation_hides_authorization_links_the_user_cannot_access)
Test Finished (P\Tests\Feature\Authorization\AuthorizationEnforcementTest::__pest_evaluable_navigation_hides_authorization_links_the_user_cannot_access)
Test Preparation Started (P\Tests\Feature\Authorization\AuthorizationEnforcementTest::__pest_evaluable_navigation_shows_user_access_to_users_with_its_permission)
Before Test Method Called (P\Tests\Feature\Authorization\AuthorizationEnforcementTest::setUp)
Before Test Method Finished:
- P\Tests\Feature\Authorization\AuthorizationEnforcementTest::setUp
Test Prepared (P\Tests\Feature\Authorization\AuthorizationEnforcementTest::__pest_evaluable_navigation_shows_user_access_to_users_with_its_permission)
Post Condition Method Called (P\Tests\Feature\Authorization\AuthorizationEnforcementTest::__MarkTestIncompleteIfSnapshotHaveChanged)
Post Condition Method Finished:
- P\Tests\Feature\Authorization\AuthorizationEnforcementTest::__MarkTestIncompleteIfSnapshotHaveChanged
After Test Method Called (P\Tests\Feature\Authorization\AuthorizationEnforcementTest::tearDown)
After Test Method Finished:
- P\Tests\Feature\Authorization\AuthorizationEnforcementTest::tearDown
Test Passed (P\Tests\Feature\Authorization\AuthorizationEnforcementTest::__pest_evaluable_navigation_shows_user_access_to_users_with_its_permission)
Test Finished (P\Tests\Feature\Authorization\AuthorizationEnforcementTest::__pest_evaluable_navigation_shows_user_access_to_users_with_its_permission)
After Last Test Method Called (P\Tests\Feature\Authorization\AuthorizationEnforcementTest::tearDownAfterClass)
After Last Test Method Finished:
- P\Tests\Feature\Authorization\AuthorizationEnforcementTest::tearDownAfterClass
Test Suite Finished (P\Tests\Feature\Authorization\AuthorizationEnforcementTest, 4 tests)
Test Suite Started (P\Tests\Feature\Authorization\PermissionFoundationTest, 3 tests)
Before First Test Method Called (P\Tests\Feature\Authorization\PermissionFoundationTest::setUpBeforeClass)
Before First Test Method Finished:
- P\Tests\Feature\Authorization\PermissionFoundationTest::setUpBeforeClass
Test Preparation Started (P\Tests\Feature\Authorization\PermissionFoundationTest::__pest_evaluable_users_inherit_permissions_assigned_to_their_role)
Before Test Method Called (P\Tests\Feature\Authorization\PermissionFoundationTest::setUp)
Before Test Method Finished:
- P\Tests\Feature\Authorization\PermissionFoundationTest::setUp
Test Prepared (P\Tests\Feature\Authorization\PermissionFoundationTest::__pest_evaluable_users_inherit_permissions_assigned_to_their_role)
Post Condition Method Called (P\Tests\Feature\Authorization\PermissionFoundationTest::__MarkTestIncompleteIfSnapshotHaveChanged)
Post Condition Method Finished:
- P\Tests\Feature\Authorization\PermissionFoundationTest::__MarkTestIncompleteIfSnapshotHaveChanged
After Test Method Called (P\Tests\Feature\Authorization\PermissionFoundationTest::tearDown)
After Test Method Finished:
- P\Tests\Feature\Authorization\PermissionFoundationTest::tearDown
Test Passed (P\Tests\Feature\Authorization\PermissionFoundationTest::__pest_evaluable_users_inherit_permissions_assigned_to_their_role)
Test Finished (P\Tests\Feature\Authorization\PermissionFoundationTest::__pest_evaluable_users_inherit_permissions_assigned_to_their_role)
Test Preparation Started (P\Tests\Feature\Authorization\PermissionFoundationTest::__pest_evaluable_users_can_receive_and_revoke_direct_permissions)
Before Test Method Called (P\Tests\Feature\Authorization\PermissionFoundationTest::setUp)
Before Test Method Finished:
- P\Tests\Feature\Authorization\PermissionFoundationTest::setUp
Test Prepared (P\Tests\Feature\Authorization\PermissionFoundationTest::__pest_evaluable_users_can_receive_and_revoke_direct_permissions)
Post Condition Method Called (P\Tests\Feature\Authorization\PermissionFoundationTest::__MarkTestIncompleteIfSnapshotHaveChanged)
Post Condition Method Finished:
- P\Tests\Feature\Authorization\PermissionFoundationTest::__MarkTestIncompleteIfSnapshotHaveChanged
After Test Method Called (P\Tests\Feature\Authorization\PermissionFoundationTest::tearDown)
After Test Method Finished:
- P\Tests\Feature\Authorization\PermissionFoundationTest::tearDown
Test Passed (P\Tests\Feature\Authorization\PermissionFoundationTest::__pest_evaluable_users_can_receive_and_revoke_direct_permissions)
Test Finished (P\Tests\Feature\Authorization\PermissionFoundationTest::__pest_evaluable_users_can_receive_and_revoke_direct_permissions)
Test Preparation Started (P\Tests\Feature\Authorization\PermissionFoundationTest::__pest_evaluable_authorization_seeders_are_idempotent_and_assign_the_initial_role_mappings)
Before Test Method Called (P\Tests\Feature\Authorization\PermissionFoundationTest::setUp)
Before Test Method Finished:
- P\Tests\Feature\Authorization\PermissionFoundationTest::setUp
Test Prepared (P\Tests\Feature\Authorization\PermissionFoundationTest::__pest_evaluable_authorization_seeders_are_idempotent_and_assign_the_initial_role_mappings)
Post Condition Method Called (P\Tests\Feature\Authorization\PermissionFoundationTest::__MarkTestIncompleteIfSnapshotHaveChanged)
Post Condition Method Finished:
- P\Tests\Feature\Authorization\PermissionFoundationTest::__MarkTestIncompleteIfSnapshotHaveChanged
After Test Method Called (P\Tests\Feature\Authorization\PermissionFoundationTest::tearDown)
After Test Method Finished:
- P\Tests\Feature\Authorization\PermissionFoundationTest::tearDown
Test Passed (P\Tests\Feature\Authorization\PermissionFoundationTest::__pest_evaluable_authorization_seeders_are_idempotent_and_assign_the_initial_role_mappings)
Test Finished (P\Tests\Feature\Authorization\PermissionFoundationTest::__pest_evaluable_authorization_seeders_are_idempotent_and_assign_the_initial_role_mappings)
After Last Test Method Called (P\Tests\Feature\Authorization\PermissionFoundationTest::tearDownAfterClass)
After Last Test Method Finished:
- P\Tests\Feature\Authorization\PermissionFoundationTest::tearDownAfterClass
Test Suite Finished (P\Tests\Feature\Authorization\PermissionFoundationTest, 3 tests)
Test Suite Started (P\Tests\Feature\Authorization\RoleManagementTest, 8 tests)
Before First Test Method Called (P\Tests\Feature\Authorization\RoleManagementTest::setUpBeforeClass)
Before First Test Method Finished:
- P\Tests\Feature\Authorization\RoleManagementTest::setUpBeforeClass
Test Preparation Started (P\Tests\Feature\Authorization\RoleManagementTest::__pest_evaluable_role_management_route_is_forbidden_without_a_viewing_permission)
Before Test Method Called (P\Tests\Feature\Authorization\RoleManagementTest::setUp)
Before Test Method Finished:
- P\Tests\Feature\Authorization\RoleManagementTest::setUp
Test Prepared (P\Tests\Feature\Authorization\RoleManagementTest::__pest_evaluable_role_management_route_is_forbidden_without_a_viewing_permission)
Post Condition Method Called (P\Tests\Feature\Authorization\RoleManagementTest::__MarkTestIncompleteIfSnapshotHaveChanged)
Post Condition Method Finished:
- P\Tests\Feature\Authorization\RoleManagementTest::__MarkTestIncompleteIfSnapshotHaveChanged
After Test Method Called (P\Tests\Feature\Authorization\RoleManagementTest::tearDown)
After Test Method Finished:
- P\Tests\Feature\Authorization\RoleManagementTest::tearDown
Test Passed (P\Tests\Feature\Authorization\RoleManagementTest::__pest_evaluable_role_management_route_is_forbidden_without_a_viewing_permission)
Test Finished (P\Tests\Feature\Authorization\RoleManagementTest::__pest_evaluable_role_management_route_is_forbidden_without_a_viewing_permission)
Test Preparation Started (P\Tests\Feature\Authorization\RoleManagementTest::__pest_evaluable_privileged_users_can_create_custom_roles)
Before Test Method Called (P\Tests\Feature\Authorization\RoleManagementTest::setUp)
Before Test Method Finished:
- P\Tests\Feature\Authorization\RoleManagementTest::setUp
Test Prepared (P\Tests\Feature\Authorization\RoleManagementTest::__pest_evaluable_privileged_users_can_create_custom_roles)
Post Condition Method Called (P\Tests\Feature\Authorization\RoleManagementTest::__MarkTestIncompleteIfSnapshotHaveChanged)
Post Condition Method Finished:
- P\Tests\Feature\Authorization\RoleManagementTest::__MarkTestIncompleteIfSnapshotHaveChanged
After Test Method Called (P\Tests\Feature\Authorization\RoleManagementTest::tearDown)
After Test Method Finished:
- P\Tests\Feature\Authorization\RoleManagementTest::tearDown
Test Passed (P\Tests\Feature\Authorization\RoleManagementTest::__pest_evaluable_privileged_users_can_create_custom_roles)
Test Finished (P\Tests\Feature\Authorization\RoleManagementTest::__pest_evaluable_privileged_users_can_create_custom_roles)
Test Preparation Started (P\Tests\Feature\Authorization\RoleManagementTest::__pest_evaluable_users_without_role_creation_permission_cannot_create_roles)
Before Test Method Called (P\Tests\Feature\Authorization\RoleManagementTest::setUp)
Before Test Method Finished:
- P\Tests\Feature\Authorization\RoleManagementTest::setUp
Test Prepared (P\Tests\Feature\Authorization\RoleManagementTest::__pest_evaluable_users_without_role_creation_permission_cannot_create_roles)
Post Condition Method Called (P\Tests\Feature\Authorization\RoleManagementTest::__MarkTestIncompleteIfSnapshotHaveChanged)
Post Condition Method Finished:
- P\Tests\Feature\Authorization\RoleManagementTest::__MarkTestIncompleteIfSnapshotHaveChanged
After Test Method Called (P\Tests\Feature\Authorization\RoleManagementTest::tearDown)
After Test Method Finished:
- P\Tests\Feature\Authorization\RoleManagementTest::tearDown
Test Passed (P\Tests\Feature\Authorization\RoleManagementTest::__pest_evaluable_users_without_role_creation_permission_cannot_create_roles)
Test Finished (P\Tests\Feature\Authorization\RoleManagementTest::__pest_evaluable_users_without_role_creation_permission_cannot_create_roles)
Test Preparation Started (P\Tests\Feature\Authorization\RoleManagementTest::__pest_evaluable_authorized_users_can_assign_grouped_permissions_to_custom_roles)
Before Test Method Called (P\Tests\Feature\Authorization\RoleManagementTest::setUp)
Before Test Method Finished:
- P\Tests\Feature\Authorization\RoleManagementTest::setUp
Test Prepared (P\Tests\Feature\Authorization\RoleManagementTest::__pest_evaluable_authorized_users_can_assign_grouped_permissions_to_custom_roles)
Post Condition Method Called (P\Tests\Feature\Authorization\RoleManagementTest::__MarkTestIncompleteIfSnapshotHaveChanged)
Post Condition Method Finished:
- P\Tests\Feature\Authorization\RoleManagementTest::__MarkTestIncompleteIfSnapshotHaveChanged
After Test Method Called (P\Tests\Feature\Authorization\RoleManagementTest::tearDown)
After Test Method Finished:
- P\Tests\Feature\Authorization\RoleManagementTest::tearDown
Test Passed (P\Tests\Feature\Authorization\RoleManagementTest::__pest_evaluable_authorized_users_can_assign_grouped_permissions_to_custom_roles)
Test Finished (P\Tests\Feature\Authorization\RoleManagementTest::__pest_evaluable_authorized_users_can_assign_grouped_permissions_to_custom_roles)
Test Preparation Started (P\Tests\Feature\Authorization\RoleManagementTest::__pest_evaluable_roles_assigned_to_users_cannot_be_deleted)
Before Test Method Called (P\Tests\Feature\Authorization\RoleManagementTest::setUp)
Before Test Method Finished:
- P\Tests\Feature\Authorization\RoleManagementTest::setUp
Test Prepared (P\Tests\Feature\Authorization\RoleManagementTest::__pest_evaluable_roles_assigned_to_users_cannot_be_deleted)
Post Condition Method Called (P\Tests\Feature\Authorization\RoleManagementTest::__MarkTestIncompleteIfSnapshotHaveChanged)
Post Condition Method Finished:
- P\Tests\Feature\Authorization\RoleManagementTest::__MarkTestIncompleteIfSnapshotHaveChanged
After Test Method Called (P\Tests\Feature\Authorization\RoleManagementTest::tearDown)
After Test Method Finished:
- P\Tests\Feature\Authorization\RoleManagementTest::tearDown
Test Passed (P\Tests\Feature\Authorization\RoleManagementTest::__pest_evaluable_roles_assigned_to_users_cannot_be_deleted)
Test Finished (P\Tests\Feature\Authorization\RoleManagementTest::__pest_evaluable_roles_assigned_to_users_cannot_be_deleted)
Test Preparation Started (P\Tests\Feature\Authorization\RoleManagementTest::__pest_evaluable_eligible_custom_roles_can_be_deleted)
Before Test Method Called (P\Tests\Feature\Authorization\RoleManagementTest::setUp)
Before Test Method Finished:
- P\Tests\Feature\Authorization\RoleManagementTest::setUp
Test Prepared (P\Tests\Feature\Authorization\RoleManagementTest::__pest_evaluable_eligible_custom_roles_can_be_deleted)
Post Condition Method Called (P\Tests\Feature\Authorization\RoleManagementTest::__MarkTestIncompleteIfSnapshotHaveChanged)
Post Condition Method Finished:
- P\Tests\Feature\Authorization\RoleManagementTest::__MarkTestIncompleteIfSnapshotHaveChanged
After Test Method Called (P\Tests\Feature\Authorization\RoleManagementTest::tearDown)
After Test Method Finished:
- P\Tests\Feature\Authorization\RoleManagementTest::tearDown
Test Passed (P\Tests\Feature\Authorization\RoleManagementTest::__pest_evaluable_eligible_custom_roles_can_be_deleted)
Test Finished (P\Tests\Feature\Authorization\RoleManagementTest::__pest_evaluable_eligible_custom_roles_can_be_deleted)
Test Preparation Started (P\Tests\Feature\Authorization\RoleManagementTest::__pest_evaluable_permission_managers_cannot_grant_permissions_they_do_not_hold)
Before Test Method Called (P\Tests\Feature\Authorization\RoleManagementTest::setUp)
Before Test Method Finished:
- P\Tests\Feature\Authorization\RoleManagementTest::setUp
Test Prepared (P\Tests\Feature\Authorization\RoleManagementTest::__pest_evaluable_permission_managers_cannot_grant_permissions_they_do_not_hold)
Post Condition Method Called (P\Tests\Feature\Authorization\RoleManagementTest::__MarkTestIncompleteIfSnapshotHaveChanged)
Post Condition Method Finished:
- P\Tests\Feature\Authorization\RoleManagementTest::__MarkTestIncompleteIfSnapshotHaveChanged
After Test Method Called (P\Tests\Feature\Authorization\RoleManagementTest::tearDown)
After Test Method Finished:
- P\Tests\Feature\Authorization\RoleManagementTest::tearDown
Test Passed (P\Tests\Feature\Authorization\RoleManagementTest::__pest_evaluable_permission_managers_cannot_grant_permissions_they_do_not_hold)
Test Finished (P\Tests\Feature\Authorization\RoleManagementTest::__pest_evaluable_permission_managers_cannot_grant_permissions_they_do_not_hold)
Test Preparation Started (P\Tests\Feature\Authorization\RoleManagementTest::__pest_evaluable_the_last_authorization_manager_cannot_remove_critical_role_access)
Before Test Method Called (P\Tests\Feature\Authorization\RoleManagementTest::setUp)
Before Test Method Finished:
- P\Tests\Feature\Authorization\RoleManagementTest::setUp
Test Prepared (P\Tests\Feature\Authorization\RoleManagementTest::__pest_evaluable_the_last_authorization_manager_cannot_remove_critical_role_access)
Post Condition Method Called (P\Tests\Feature\Authorization\RoleManagementTest::__MarkTestIncompleteIfSnapshotHaveChanged)
Post Condition Method Finished:
- P\Tests\Feature\Authorization\RoleManagementTest::__MarkTestIncompleteIfSnapshotHaveChanged
After Test Method Called (P\Tests\Feature\Authorization\RoleManagementTest::tearDown)
After Test Method Finished:
- P\Tests\Feature\Authorization\RoleManagementTest::tearDown
Test Passed (P\Tests\Feature\Authorization\RoleManagementTest::__pest_evaluable_the_last_authorization_manager_cannot_remove_critical_role_access)
Test Finished (P\Tests\Feature\Authorization\RoleManagementTest::__pest_evaluable_the_last_authorization_manager_cannot_remove_critical_role_access)
After Last Test Method Called (P\Tests\Feature\Authorization\RoleManagementTest::tearDownAfterClass)
After Last Test Method Finished:
- P\Tests\Feature\Authorization\RoleManagementTest::tearDownAfterClass
Test Suite Finished (P\Tests\Feature\Authorization\RoleManagementTest, 8 tests)
Test Suite Started (P\Tests\Feature\Authorization\UserAuthorizationManagementTest, 7 tests)
Before First Test Method Called (P\Tests\Feature\Authorization\UserAuthorizationManagementTest::setUpBeforeClass)
Before First Test Method Finished:
- P\Tests\Feature\Authorization\UserAuthorizationManagementTest::setUpBeforeClass
Test Preparation Started (P\Tests\Feature\Authorization\UserAuthorizationManagementTest::__pest_evaluable_user_access_route_is_forbidden_without_users_view_permission)
Before Test Method Called (P\Tests\Feature\Authorization\UserAuthorizationManagementTest::setUp)
Before Test Method Finished:
- P\Tests\Feature\Authorization\UserAuthorizationManagementTest::setUp
Test Prepared (P\Tests\Feature\Authorization\UserAuthorizationManagementTest::__pest_evaluable_user_access_route_is_forbidden_without_users_view_permission)
Post Condition Method Called (P\Tests\Feature\Authorization\UserAuthorizationManagementTest::__MarkTestIncompleteIfSnapshotHaveChanged)
Post Condition Method Finished:
- P\Tests\Feature\Authorization\UserAuthorizationManagementTest::__MarkTestIncompleteIfSnapshotHaveChanged
After Test Method Called (P\Tests\Feature\Authorization\UserAuthorizationManagementTest::tearDown)
After Test Method Finished:
- P\Tests\Feature\Authorization\UserAuthorizationManagementTest::tearDown
Test Passed (P\Tests\Feature\Authorization\UserAuthorizationManagementTest::__pest_evaluable_user_access_route_is_forbidden_without_users_view_permission)
Test Finished (P\Tests\Feature\Authorization\UserAuthorizationManagementTest::__pest_evaluable_user_access_route_is_forbidden_without_users_view_permission)
Test Preparation Started (P\Tests\Feature\Authorization\UserAuthorizationManagementTest::__pest_evaluable_privileged_users_can_assign_roles_and_direct_permissions)
Before Test Method Called (P\Tests\Feature\Authorization\UserAuthorizationManagementTest::setUp)
Before Test Method Finished:
- P\Tests\Feature\Authorization\UserAuthorizationManagementTest::setUp
Test Prepared (P\Tests\Feature\Authorization\UserAuthorizationManagementTest::__pest_evaluable_privileged_users_can_assign_roles_and_direct_permissions)
Post Condition Method Called (P\Tests\Feature\Authorization\UserAuthorizationManagementTest::__MarkTestIncompleteIfSnapshotHaveChanged)
Post Condition Method Finished:
- P\Tests\Feature\Authorization\UserAuthorizationManagementTest::__MarkTestIncompleteIfSnapshotHaveChanged
After Test Method Called (P\Tests\Feature\Authorization\UserAuthorizationManagementTest::tearDown)
After Test Method Finished:
- P\Tests\Feature\Authorization\UserAuthorizationManagementTest::tearDown
Test Passed (P\Tests\Feature\Authorization\UserAuthorizationManagementTest::__pest_evaluable_privileged_users_can_assign_roles_and_direct_permissions)
Test Finished (P\Tests\Feature\Authorization\UserAuthorizationManagementTest::__pest_evaluable_privileged_users_can_assign_roles_and_direct_permissions)
Test Preparation Started (P\Tests\Feature\Authorization\UserAuthorizationManagementTest::__pest_evaluable_users_without_assignment_permission_cannot_change_another_users_access)
Before Test Method Called (P\Tests\Feature\Authorization\UserAuthorizationManagementTest::setUp)
Before Test Method Finished:
- P\Tests\Feature\Authorization\UserAuthorizationManagementTest::setUp
Test Prepared (P\Tests\Feature\Authorization\UserAuthorizationManagementTest::__pest_evaluable_users_without_assignment_permission_cannot_change_another_users_access)
Post Condition Method Called (P\Tests\Feature\Authorization\UserAuthorizationManagementTest::__MarkTestIncompleteIfSnapshotHaveChanged)
Post Condition Method Finished:
- P\Tests\Feature\Authorization\UserAuthorizationManagementTest::__MarkTestIncompleteIfSnapshotHaveChanged
After Test Method Called (P\Tests\Feature\Authorization\UserAuthorizationManagementTest::tearDown)
After Test Method Finished:
- P\Tests\Feature\Authorization\UserAuthorizationManagementTest::tearDown
Test Passed (P\Tests\Feature\Authorization\UserAuthorizationManagementTest::__pest_evaluable_users_without_assignment_permission_cannot_change_another_users_access)
Test Finished (P\Tests\Feature\Authorization\UserAuthorizationManagementTest::__pest_evaluable_users_without_assignment_permission_cannot_change_another_users_access)
Test Preparation Started (P\Tests\Feature\Authorization\UserAuthorizationManagementTest::__pest_evaluable_access_managers_cannot_assign_roles_containing_permissions_they_do_not_hold)
Before Test Method Called (P\Tests\Feature\Authorization\UserAuthorizationManagementTest::setUp)
Before Test Method Finished:
- P\Tests\Feature\Authorization\UserAuthorizationManagementTest::setUp
Test Prepared (P\Tests\Feature\Authorization\UserAuthorizationManagementTest::__pest_evaluable_access_managers_cannot_assign_roles_containing_permissions_they_do_not_hold)
Post Condition Method Called (P\Tests\Feature\Authorization\UserAuthorizationManagementTest::__MarkTestIncompleteIfSnapshotHaveChanged)
Post Condition Method Finished:
- P\Tests\Feature\Authorization\UserAuthorizationManagementTest::__MarkTestIncompleteIfSnapshotHaveChanged
After Test Method Called (P\Tests\Feature\Authorization\UserAuthorizationManagementTest::tearDown)
After Test Method Finished:
- P\Tests\Feature\Authorization\UserAuthorizationManagementTest::tearDown
Test Passed (P\Tests\Feature\Authorization\UserAuthorizationManagementTest::__pest_evaluable_access_managers_cannot_assign_roles_containing_permissions_they_do_not_hold)
Test Finished (P\Tests\Feature\Authorization\UserAuthorizationManagementTest::__pest_evaluable_access_managers_cannot_assign_roles_containing_permissions_they_do_not_hold)
Test Preparation Started (P\Tests\Feature\Authorization\UserAuthorizationManagementTest::__pest_evaluable_users_cannot_change_their_own_authorization_assignments)
Before Test Method Called (P\Tests\Feature\Authorization\UserAuthorizationManagementTest::setUp)
Before Test Method Finished:
- P\Tests\Feature\Authorization\UserAuthorizationManagementTest::setUp
Test Prepared (P\Tests\Feature\Authorization\UserAuthorizationManagementTest::__pest_evaluable_users_cannot_change_their_own_authorization_assignments)
Post Condition Method Called (P\Tests\Feature\Authorization\UserAuthorizationManagementTest::__MarkTestIncompleteIfSnapshotHaveChanged)
Post Condition Method Finished:
- P\Tests\Feature\Authorization\UserAuthorizationManagementTest::__MarkTestIncompleteIfSnapshotHaveChanged
After Test Method Called (P\Tests\Feature\Authorization\UserAuthorizationManagementTest::tearDown)
After Test Method Finished:
- P\Tests\Feature\Authorization\UserAuthorizationManagementTest::tearDown
Test Passed (P\Tests\Feature\Authorization\UserAuthorizationManagementTest::__pest_evaluable_users_cannot_change_their_own_authorization_assignments)
Test Finished (P\Tests\Feature\Authorization\UserAuthorizationManagementTest::__pest_evaluable_users_cannot_change_their_own_authorization_assignments)
Test Preparation Started (P\Tests\Feature\Authorization\UserAuthorizationManagementTest::__pest_evaluable_inherited_permissions_are_not_duplicated_as_direct_grants)
Before Test Method Called (P\Tests\Feature\Authorization\UserAuthorizationManagementTest::setUp)
Before Test Method Finished:
- P\Tests\Feature\Authorization\UserAuthorizationManagementTest::setUp
Test Prepared (P\Tests\Feature\Authorization\UserAuthorizationManagementTest::__pest_evaluable_inherited_permissions_are_not_duplicated_as_direct_grants)
Post Condition Method Called (P\Tests\Feature\Authorization\UserAuthorizationManagementTest::__MarkTestIncompleteIfSnapshotHaveChanged)
Post Condition Method Finished:
- P\Tests\Feature\Authorization\UserAuthorizationManagementTest::__MarkTestIncompleteIfSnapshotHaveChanged
After Test Method Called (P\Tests\Feature\Authorization\UserAuthorizationManagementTest::tearDown)
After Test Method Finished:
- P\Tests\Feature\Authorization\UserAuthorizationManagementTest::tearDown
Test Passed (P\Tests\Feature\Authorization\UserAuthorizationManagementTest::__pest_evaluable_inherited_permissions_are_not_duplicated_as_direct_grants)
Test Finished (P\Tests\Feature\Authorization\UserAuthorizationManagementTest::__pest_evaluable_inherited_permissions_are_not_duplicated_as_direct_grants)
Test Preparation Started (P\Tests\Feature\Authorization\UserAuthorizationManagementTest::__pest_evaluable_submitted_permission_names_must_exist)
Before Test Method Called (P\Tests\Feature\Authorization\UserAuthorizationManagementTest::setUp)
Before Test Method Finished:
- P\Tests\Feature\Authorization\UserAuthorizationManagementTest::setUp
Test Prepared (P\Tests\Feature\Authorization\UserAuthorizationManagementTest::__pest_evaluable_submitted_permission_names_must_exist)
Post Condition Method Called (P\Tests\Feature\Authorization\UserAuthorizationManagementTest::__MarkTestIncompleteIfSnapshotHaveChanged)
Post Condition Method Finished:
- P\Tests\Feature\Authorization\UserAuthorizationManagementTest::__MarkTestIncompleteIfSnapshotHaveChanged
After Test Method Called (P\Tests\Feature\Authorization\UserAuthorizationManagementTest::tearDown)
After Test Method Finished:
- P\Tests\Feature\Authorization\UserAuthorizationManagementTest::tearDown
Test Passed (P\Tests\Feature\Authorization\UserAuthorizationManagementTest::__pest_evaluable_submitted_permission_names_must_exist)
Test Finished (P\Tests\Feature\Authorization\UserAuthorizationManagementTest::__pest_evaluable_submitted_permission_names_must_exist)
After Last Test Method Called (P\Tests\Feature\Authorization\UserAuthorizationManagementTest::tearDownAfterClass)
After Last Test Method Finished:
- P\Tests\Feature\Authorization\UserAuthorizationManagementTest::tearDownAfterClass
Test Suite Finished (P\Tests\Feature\Authorization\UserAuthorizationManagementTest, 7 tests)
Test Suite Started (P\Tests\Feature\DashboardTest, 2 tests)
Before First Test Method Called (P\Tests\Feature\DashboardTest::setUpBeforeClass)
Before First Test Method Finished:
- P\Tests\Feature\DashboardTest::setUpBeforeClass
Test Preparation Started (P\Tests\Feature\DashboardTest::__pest_evaluable_guests_are_redirected_to_the_login_page)
Before Test Method Called (P\Tests\Feature\DashboardTest::setUp)
Before Test Method Finished:
- P\Tests\Feature\DashboardTest::setUp
Test Prepared (P\Tests\Feature\DashboardTest::__pest_evaluable_guests_are_redirected_to_the_login_page)
Post Condition Method Called (P\Tests\Feature\DashboardTest::__MarkTestIncompleteIfSnapshotHaveChanged)
Post Condition Method Finished:
- P\Tests\Feature\DashboardTest::__MarkTestIncompleteIfSnapshotHaveChanged
After Test Method Called (P\Tests\Feature\DashboardTest::tearDown)
After Test Method Finished:
- P\Tests\Feature\DashboardTest::tearDown
Test Passed (P\Tests\Feature\DashboardTest::__pest_evaluable_guests_are_redirected_to_the_login_page)
Test Finished (P\Tests\Feature\DashboardTest::__pest_evaluable_guests_are_redirected_to_the_login_page)
Test Preparation Started (P\Tests\Feature\DashboardTest::__pest_evaluable_authorized_users_can_visit_the_dashboard)
Before Test Method Called (P\Tests\Feature\DashboardTest::setUp)
Before Test Method Finished:
- P\Tests\Feature\DashboardTest::setUp
Test Prepared (P\Tests\Feature\DashboardTest::__pest_evaluable_authorized_users_can_visit_the_dashboard)
Post Condition Method Called (P\Tests\Feature\DashboardTest::__MarkTestIncompleteIfSnapshotHaveChanged)
Post Condition Method Finished:
- P\Tests\Feature\DashboardTest::__MarkTestIncompleteIfSnapshotHaveChanged
After Test Method Called (P\Tests\Feature\DashboardTest::tearDown)
After Test Method Finished:
- P\Tests\Feature\DashboardTest::tearDown
Test Passed (P\Tests\Feature\DashboardTest::__pest_evaluable_authorized_users_can_visit_the_dashboard)
Test Finished (P\Tests\Feature\DashboardTest::__pest_evaluable_authorized_users_can_visit_the_dashboard)
After Last Test Method Called (P\Tests\Feature\DashboardTest::tearDownAfterClass)
After Last Test Method Finished:
- P\Tests\Feature\DashboardTest::tearDownAfterClass
Test Suite Finished (P\Tests\Feature\DashboardTest, 2 tests)
Test Suite Started (P\Tests\Feature\ExampleTest, 1 test)
Before First Test Method Called (P\Tests\Feature\ExampleTest::setUpBeforeClass)
Before First Test Method Finished:
- P\Tests\Feature\ExampleTest::setUpBeforeClass
Test Preparation Started (P\Tests\Feature\ExampleTest::__pest_evaluable_returns_a_successful_response)
Before Test Method Called (P\Tests\Feature\ExampleTest::setUp)
Before Test Method Finished:
- P\Tests\Feature\ExampleTest::setUp
Test Prepared (P\Tests\Feature\ExampleTest::__pest_evaluable_returns_a_successful_response)
Post Condition Method Called (P\Tests\Feature\ExampleTest::__MarkTestIncompleteIfSnapshotHaveChanged)
Post Condition Method Finished:
- P\Tests\Feature\ExampleTest::__MarkTestIncompleteIfSnapshotHaveChanged
After Test Method Called (P\Tests\Feature\ExampleTest::tearDown)
After Test Method Finished:
- P\Tests\Feature\ExampleTest::tearDown
Test Passed (P\Tests\Feature\ExampleTest::__pest_evaluable_returns_a_successful_response)
Test Finished (P\Tests\Feature\ExampleTest::__pest_evaluable_returns_a_successful_response)
After Last Test Method Called (P\Tests\Feature\ExampleTest::tearDownAfterClass)
After Last Test Method Finished:
- P\Tests\Feature\ExampleTest::tearDownAfterClass
Test Suite Finished (P\Tests\Feature\ExampleTest, 1 test)
Test Suite Started (P\Tests\Feature\ExpenseMysqlTest, 1 test)
Before First Test Method Called (P\Tests\Feature\ExpenseMysqlTest::setUpBeforeClass)
Before First Test Method Finished:
- P\Tests\Feature\ExpenseMysqlTest::setUpBeforeClass
Test Preparation Started (P\Tests\Feature\ExpenseMysqlTest::__pest_evaluable_mysql_preserves_expense_constraints_locking_and_authoritative_period_totals)
Before Test Method Called (P\Tests\Feature\ExpenseMysqlTest::setUp)
Before Test Method Finished:
- P\Tests\Feature\ExpenseMysqlTest::setUp
Test Prepared (P\Tests\Feature\ExpenseMysqlTest::__pest_evaluable_mysql_preserves_expense_constraints_locking_and_authoritative_period_totals)
Test Skipped (P\Tests\Feature\ExpenseMysqlTest::__pest_evaluable_mysql_preserves_expense_constraints_locking_and_authoritative_period_totals)
Set EXPENSES_MYSQL_TESTS=1 to use an isolated temporary MySQL database.
After Test Method Called (P\Tests\Feature\ExpenseMysqlTest::tearDown)
After Test Method Finished:
- P\Tests\Feature\ExpenseMysqlTest::tearDown
Test Finished (P\Tests\Feature\ExpenseMysqlTest::__pest_evaluable_mysql_preserves_expense_constraints_locking_and_authoritative_period_totals)
After Last Test Method Called (P\Tests\Feature\ExpenseMysqlTest::tearDownAfterClass)
After Last Test Method Finished:
- P\Tests\Feature\ExpenseMysqlTest::tearDownAfterClass
Test Suite Finished (P\Tests\Feature\ExpenseMysqlTest, 1 test)
Test Suite Started (P\Tests\Feature\ExpensePagesTest, 27 tests)
Before First Test Method Called (P\Tests\Feature\ExpensePagesTest::setUpBeforeClass)
Before First Test Method Finished:
- P\Tests\Feature\ExpensePagesTest::setUpBeforeClass
Test Suite Started (P\Tests\Feature\ExpensePagesTest::__pest_evaluable_expense_and_finance_pages_require_authentication_and_their_own_permission, 4 tests)
Test Preparation Started (P\Tests\Feature\ExpensePagesTest::__pest_evaluable_expense_and_finance_pages_require_authentication_and_their_own_permission#('expenses.index', 'expenses.view'))
Before Test Method Called (P\Tests\Feature\ExpensePagesTest::setUp)
Before Test Method Finished:
- P\Tests\Feature\ExpensePagesTest::setUp
Test Prepared (P\Tests\Feature\ExpensePagesTest::__pest_evaluable_expense_and_finance_pages_require_authentication_and_their_own_permission#('expenses.index', 'expenses.view'))
Post Condition Method Called (P\Tests\Feature\ExpensePagesTest::__MarkTestIncompleteIfSnapshotHaveChanged)
Post Condition Method Finished:
- P\Tests\Feature\ExpensePagesTest::__MarkTestIncompleteIfSnapshotHaveChanged
After Test Method Called (P\Tests\Feature\ExpensePagesTest::tearDown)
After Test Method Finished:
- P\Tests\Feature\ExpensePagesTest::tearDown
Test Passed (P\Tests\Feature\ExpensePagesTest::__pest_evaluable_expense_and_finance_pages_require_authentication_and_their_own_permission#('expenses.index', 'expenses.view'))
Test Finished (P\Tests\Feature\ExpensePagesTest::__pest_evaluable_expense_and_finance_pages_require_authentication_and_their_own_permission#('expenses.index', 'expenses.view'))
Test Preparation Started (P\Tests\Feature\ExpensePagesTest::__pest_evaluable_expense_and_finance_pages_require_authentication_and_their_own_permission#('expenses.create', 'expenses.create'))
Before Test Method Called (P\Tests\Feature\ExpensePagesTest::setUp)
Before Test Method Finished:
- P\Tests\Feature\ExpensePagesTest::setUp
Test Prepared (P\Tests\Feature\ExpensePagesTest::__pest_evaluable_expense_and_finance_pages_require_authentication_and_their_own_permission#('expenses.create', 'expenses.create'))
